lag_hours,lag_days,C_T
480,20.0,0.16633647453209102
481,20.041666666666668,0.16564131680994942
482,20.083333333333332,0.16494240976683774
483,20.125,0.1642397659052391
484,20.166666666666668,0.16353340156779075
485,20.208333333333332,0.16282333006336047
486,20.25,0.16210956535473323
487,20.291666666666668,0.161392122063204
488,20.333333333333332,0.16067101680888612
489,20.375,0.15994626739464737
490,20.416666666666668,0.15921788433399248
491,20.458333333333332,0.15848588250757356
492,20.5,0.1577502800602924
493,20.541666666666668,0.15701109361265936
494,20.583333333333332,0.15626833665737047
495,20.625,0.15552202752618588
496,20.666666666666668,0.15477217788744618
497,20.708333333333332,0.1540188078457884
498,20.75,0.15326192827375199
499,20.791666666666668,0.1525015574527611
500,20.833333333333332,0.1517377128898055
501,20.875,0.15097041123826535
502,20.916666666666668,0.15019966724838926
503,20.958333333333332,0.14942549853543535
504,21.0,0.14864792130995694
505,21.041666666666668,0.14786695169242087
506,21.083333333333332,0.14708260467259412
507,21.125,0.14629490156195896
508,21.166666666666668,0.1455038549474446
509,21.208333333333332,0.14470948180504117
510,21.25,0.1439118041855319
511,21.291666666666668,0.14311083543450484
512,21.333333333333332,0.14230659332010834
513,21.375,0.14149909555795329
514,21.416666666666668,0.14068836141920799
515,21.458333333333332,0.13987440554416755
516,21.5,0.1390572462306869
517,21.541666666666668,0.1382369037213563
518,21.583333333333332,0.13741339445274167
519,21.625,0.13658673597011733
520,21.666666666666668,0.13575694705208485
521,21.708333333333332,0.13492404513225498
522,21.75,0.13408804903097465
523,21.791666666666668,0.13324897786458695
524,21.833333333333332,0.13240685115751638
525,21.875,0.13156168575036967
526,21.916666666666668,0.13071350181417496
527,21.958333333333332,0.1298623162798075
528,22.0,0.12900815015340208
529,22.041666666666668,0.12815102026429495
530,22.083333333333332,0.1272909474462172
531,22.125,0.12642795120794292
532,22.166666666666668,0.12556205088188926
533,22.208333333333332,0.12469326770525273
534,22.25,0.12382162129450866
535,22.291666666666668,0.12294712943610685
536,22.333333333333332,0.12206981228250872
537,22.375,0.12118969152855422
538,22.416666666666668,0.12030678746537861
539,22.458333333333332,0.11942112037413423
540,22.5,0.11853270915121616
541,22.541666666666668,0.11764157571905137
542,22.583333333333332,0.1167477418493849
543,22.625,0.11585122939340099
544,22.666666666666668,0.11495205448718224
545,22.708333333333332,0.11405024369713139
546,22.75,0.11314581498779913
547,22.791666666666668,0.11223879160011803
548,22.833333333333332,0.111329195456062
549,22.875,0.11041705014737284
550,22.916666666666668,0.10950237647225336
551,22.958333333333332,0.10858519625400663
552,23.0,0.10766553429342778
553,23.041666666666668,0.10674340982275317
554,23.083333333333332,0.10581884523398291
555,23.125,0.10489186599072851
556,23.166666666666668,0.10396249706354212
557,23.208333333333332,0.1030307599458375
558,23.25,0.10209667714327442
559,23.291666666666668,0.10116027425725208
560,23.333333333333332,0.10022157357006257
561,23.375,0.09928060166239773
562,23.416666666666668,0.09833738155984897
563,23.458333333333332,0.09739193824131843
564,23.5,0.09644429875152159
565,23.541666666666668,0.09549448726466185
566,23.583333333333332,0.09454252930356835
567,23.625,0.09358845098279087
568,23.666666666666668,0.09263227924825955
569,23.708333333333332,0.09167404045931432
570,23.75,0.09071376245844887
571,23.791666666666668,0.08975147206671281
572,23.833333333333332,0.08878719600565356
573,23.875,0.08782096118802822
574,23.916666666666668,0.08685279988519676
575,23.958333333333332,0.08588273723617001
576,24.0,0.08491080652505023
577,24.041666666666668,0.08393703463011846
578,24.083333333333332,0.08296145279240778
579,24.125,0.08198409102432727
580,24.166666666666668,0.08100498380756473
581,24.208333333333332,0.08002415997664036
582,24.25,0.07904165403394375
583,24.291666666666668,0.07805749998338138
584,24.333333333333332,0.0770717283501136
585,24.375,0.07608437611111883
586,24.416666666666668,0.07509548210820557
587,24.458333333333332,0.07410507865119569
588,24.5,0.0731132045382564
589,24.541666666666668,0.07211989817373594
590,24.583333333333332,0.07112520104722111
591,24.625,0.07012914987754028
592,24.666666666666668,0.06913178769009641
593,24.708333333333332,0.06813316064846572
594,24.75,0.06713330977966911
595,24.791666666666668,0.06613228412733783
596,24.833333333333332,0.06513013105055199
597,24.875,0.06412690026033295
598,24.916666666666668,0.06312264181700696
599,24.958333333333332,0.06211741305414542
600,25.0,0.06111126748146097
601,25.041666666666668,0.060104266004329145
602,25.083333333333332,0.05909646799574152
603,25.125,0.0580879409112407
604,25.166666666666668,0.05707875448000587
605,25.208333333333332,0.0560689791938876
606,25.25,0.05505869144312731
607,25.291666666666668,0.054047977454428464
608,25.333333333333332,0.05303692141322358
609,25.375,0.05202561611499513
610,25.416666666666668,0.0510141615452801
611,25.458333333333332,0.05000266774969301
612,25.5,0.04899124768902028
613,25.541666666666668,0.04798003287567248
614,25.583333333333332,0.04696915561466904
615,25.625,0.04595877125557044
616,25.666666666666668,0.04494904517615343
617,25.708333333333332,0.04394015735690323
618,25.75,0.042932318338045165
619,25.791666666666668,0.041925752937408314
620,25.833333333333332,0.040920721216766834
621,25.875,0.039917519444757674
622,25.916666666666668,0.038916483802608856
623,25.958333333333332,0.03791801021321069
624,26.0,0.0369225649155199
625,26.041666666666668,0.03593071113561088
626,26.083333333333332,0.03494316805483545
627,26.125,0.03396095461961186
628,26.166666666666668,0.03298574791911164
629,26.208333333333332,0.032017848198049294
630,26.25,0.031058027427645234
631,26.291666666666668,0.03010648029887945
632,26.333333333333332,0.02916356136529809
633,26.375,0.028230177384358308
634,26.416666666666668,0.02730641112920731
635,26.458333333333332,0.026392656941968743
636,26.5,0.02548955663677108
637,26.541666666666668,0.02459791441416871
638,26.583333333333332,0.023718702147535332
639,26.625,0.022853058427071915
640,26.666666666666668,0.02200229999195545
641,26.708333333333332,0.021167950881362883
642,26.75,0.020351774036715217
643,26.791666666666668,0.019555811141416943
644,26.833333333333332,0.018782448195513512
645,26.875,0.018034529548899267
646,26.916666666666668,0.017315651187288682
647,26.958333333333332,0.01662984930655502
648,27.0,0.015981269396797206
649,27.041666666666668,0.015376200942246954
650,27.083333333333332,0.014824302170690683
651,27.125,0.014343664751979969
652,27.166666666666668,0.013961955892293916
653,27.208333333333332,0.013672225718260793
654,27.25,0.013473353656237105
655,27.291666666666668,0.013367635614318415
656,27.333333333333332,0.013350769692553681
657,27.375,0.013410271578271333
658,27.416666666666668,0.01353444658665966
659,27.458333333333332,0.013718426682689548
660,27.5,0.013960450642589849
661,27.541666666666668,0.014260227591627133
662,27.583333333333332,0.014610903358721018
663,27.625,0.015008595044845498
664,27.666666666666668,0.015452379977597849
665,27.708333333333332,0.015937885868823522
666,27.75,0.01646231473253323
667,27.791666666666668,0.01702434686289889
668,27.833333333333332,0.017622708071268138
669,27.875,0.01825755062349363
670,27.916666666666668,0.01892593498092443
671,27.958333333333332,0.019626345438353298
672,28.0,0.02035889573268025
673,28.041666666666668,0.021123643561885157
674,28.083333333333332,0.021920484958299666
675,28.125,0.02274384944113178
676,28.166666666666668,0.023590018339754545
677,28.208333333333332,0.02445702789426775
678,28.25,0.025344900129984655
679,28.291666666666668,0.02625205601124049
680,28.333333333333332,0.02717444346627832
681,28.375,0.028109295728478784
682,28.416666666666668,0.02905486860502537
683,28.458333333333332,0.030009877097940875
684,28.5,0.030973360946009762
685,28.541666666666668,0.0319446352479797
686,28.583333333333332,0.03292345369257879
687,28.625,0.033909908705996
688,28.666666666666668,0.03490209497893505
689,28.708333333333332,0.03589888199124204
690,28.75,0.03689951155729543
691,28.791666666666668,0.037903394027887505
692,28.833333333333332,0.03891005089760273
693,28.875,0.03991908109050885
694,28.916666666666668,0.040930138861181645
695,28.958333333333332,0.041942926392918106
696,29.0,0.04295717909368178
697,29.041666666666668,0.04397266564338701
698,29.083333333333332,0.04498917683900205
699,29.125,0.04600652626941808
700,29.166666666666668,0.04702454595698025
701,29.208333333333332,0.04804308033207761
702,29.25,0.04906199148486523
703,29.291666666666668,0.05008114658977468
704,29.333333333333332,0.051100427316982444
705,29.375,0.052119724867235914
706,29.416666666666668,0.05313893596330279
707,29.458333333333332,0.05415796234074978
708,29.5,0.05517671689280691
709,29.541666666666668,0.0561951134841621
710,29.583333333333332,0.05721307266733654
711,29.625,0.05823051798217601
712,29.666666666666668,0.0592473805147029
713,29.708333333333332,0.06026359104100445
714,29.75,0.06127908497680326
715,29.791666666666668,0.06229380093795209
716,29.833333333333332,0.0633076801462555
717,29.875,0.06432066438150588
718,29.916666666666668,0.06533269980174795
719,29.958333333333332,0.06634373565926796
720,30.0,0.0673537221144557
721,30.041666666666668,0.06836260849920807
722,30.083333333333332,0.06937034563107612
723,30.125,0.07037689171577899
724,30.166666666666668,0.07138220056177044
725,30.208333333333332,0.0723862288696215
726,30.25,0.07338893208473307
727,30.291666666666668,0.07439027161009053
728,30.333333333333332,0.07539020614458591
729,30.375,0.07638869931167211
730,30.416666666666668,0.07738570993663602
731,30.458333333333332,0.0783812015799854
732,30.5,0.07937513840176112
733,30.541666666666668,0.08036748351347348
734,30.583333333333332,0.0813582016833883
735,30.625,0.08234725842344442
736,30.666666666666668,0.0833346189962257
737,30.708333333333332,0.08432024921810552
738,30.75,0.08530411944276539
739,30.791666666666668,0.08628619338064264
740,30.833333333333332,0.08726644101303116
741,30.875,0.08824482865294185
742,30.916666666666668,0.08922132860892712
743,30.958333333333332,0.0901959081931435
744,31.0,0.09116853604805979
745,31.041666666666668,0.09213918405574245
746,31.083333333333332,0.09310781960680362
747,31.125,0.09407441734878713
748,31.166666666666668,0.09503894501465537
749,31.208333333333332,0.09600137395674894
750,31.25,0.09696167750572643
751,31.291666666666668,0.09791982415012722
752,31.333333333333332,0.09887579012618948
753,31.375,0.09982954465437033
754,31.416666666666668,0.10078106386461202
755,31.458333333333332,0.10173031843891943
756,31.5,0.102677282306065
757,31.541666666666668,0.10362192810623361
758,31.583333333333332,0.10456422904349952
759,31.625,0.10550415985430027
760,31.666666666666668,0.10644169378667959
761,31.708333333333332,0.10737680666659932
762,31.75,0.10830946910730331
763,31.791666666666668,0.1092396591979942
764,31.833333333333332,0.11016734926345913
765,31.875,0.11109251870730336
766,31.916666666666668,0.11201513799670568
767,31.958333333333332,0.1129351833248968
768,32.0,0.11385262856483125
769,32.041666666666664,0.11476745385519356
770,32.083333333333336,0.11567963305709147
771,32.125,0.11658914172081536
772,32.166666666666664,0.11749595362278588
773,32.208333333333336,0.11840004814545177
774,32.25,0.11930140202022627
775,32.291666666666664,0.12019999072152371
776,32.333333333333336,0.12109578909162755
777,32.375,0.12198877740002292
778,32.416666666666664,0.12287893220684626
779,32.458333333333336,0.12376622748776116
780,32.5,0.12465064384634297
781,32.541666666666664,0.1255321571603666
782,32.583333333333336,0.12641074483441456
783,32.625,0.1272863869383673
784,32.666666666666664,0.12815905884035975
785,32.708333333333336,0.12902873730011133
786,32.75,0.1298954026673164
787,32.791666666666664,0.13075903240757686
788,32.833333333333336,0.13161960571224599
789,32.875,0.132477101595119
790,32.916666666666664,0.13333149756782864
791,32.958333333333336,0.13418277128327163
792,33.0,0.1350309021312299
793,33.041666666666664,0.13587586991395287
794,33.083333333333336,0.1367176536356282
795,33.125,0.13755623346111695
796,33.166666666666664,0.13839158737933216
797,33.208333333333336,0.13922369541329732
798,33.25,0.14005253574505738
799,33.291666666666664,0.14087809167227452
800,33.333333333333336,0.14170034206494425
801,33.375,0.14251926477909713
802,33.416666666666664,0.14333484257435045
803,33.458333333333336,0.1441470518151611
804,33.5,0.1449558754355145
805,33.541666666666664,0.14576129418779044
806,33.583333333333336,0.1465632863379291
807,33.625,0.1473618351033257
808,33.666666666666664,0.14815692101185152
809,33.708333333333336,0.14894852306717024
810,33.75,0.14973662622354228
811,33.791666666666664,0.15052120817482573
812,33.833333333333336,0.15130225049029178
813,33.875,0.1520797356337369
814,33.916666666666664,0.1528536451831625
815,33.958333333333336,0.15362396092322336
816,34.0,0.15439066454535164
817,34.041666666666664,0.15515373810157543
818,34.083333333333336,0.1559131629363199
819,34.125,0.15666892125368972
820,34.166666666666664,0.15742099508622126
821,34.208333333333336,0.15816936808307658
822,34.25,0.15891402224393505
823,34.291666666666664,0.15965493828012728
824,34.333333333333336,0.16039210245548616
825,34.375,0.16112549671085108
826,34.416666666666664,0.1618551015509364
827,34.458333333333336,0.1625809019185012
828,34.5,0.16330288083631692
829,34.541666666666664,0.16402101907587985
830,34.583333333333336,0.1647353034704245
831,34.625,0.1654457169846523
832,34.666666666666664,0.1661522419699992
833,34.708333333333336,0.1668548631152882
834,34.75,0.16755356402400853
835,34.791666666666664,0.16824832890184963
836,34.833333333333336,0.1689391431286139
837,34.875,0.16962598819501326
838,34.916666666666664,0.1703088500164388
839,34.958333333333336,0.1709877162616305
840,35.0,0.17166256701494922
841,35.041666666666664,0.17233338721373492
842,35.083333333333336,0.17300016405427418
843,35.125,0.17366288059754822
844,35.166666666666664,0.1743215239618242
845,35.208333333333336,0.1749760783365539
846,35.25,0.17562652836705725
847,35.291666666666664,0.1762728597711428
848,35.333333333333336,0.17691505970250831
849,35.375,0.1775531113483404
850,35.416666666666664,0.178187004143125
851,35.458333333333336,0.17881672012077326
852,35.5,0.1794422468364841
853,35.541666666666664,0.1800635728506177
854,35.583333333333336,0.18068068119810068
855,35.625,0.18129355797532262
856,35.666666666666664,0.18190219053134457
857,35.708333333333336,0.18250656731210582
858,35.75,0.1831066737228132
859,35.791666666666664,0.18370249837444053
860,35.833333333333336,0.18429402594897426
861,35.875,0.18488124328615205
862,35.916666666666664,0.1854641413200473
863,35.958333333333336,0.1860427039312189
864,36.0,0.18661691808536152
865,36.041666666666664,0.18718677438477166
866,36.083333333333336,0.1877522583916725
867,36.125,0.18831335906262764
868,36.166666666666664,0.18887006251467942
869,36.208333333333336,0.18942236049321884
870,36.25,0.18997023752628625
871,36.291666666666664,0.1905136842936107
872,36.333333333333336,0.19105268855454552
873,36.375,0.19158723866994282
874,36.416666666666664,0.1921173232691041
875,36.458333333333336,0.19264293160413165
876,36.5,0.19316405181661883
877,36.541666666666664,0.19368067512770637
878,36.583333333333336,0.19419278926634853
879,36.625,0.1947003833672501
880,36.666666666666664,0.19520344648907723
881,36.708333333333336,0.1957019702224006
882,36.75,0.19619594216049532
883,36.791666666666664,0.19668535239748733
884,36.833333333333336,0.1971701910862834
885,36.875,0.19765045015049512
886,36.916666666666664,0.19812611694219567
887,36.958333333333336,0.19859718391753653
888,37.0,0.19906364020307327
889,37.041666666666664,0.19952547475634266
890,37.083333333333336,0.199982681878285
891,37.125,0.200435251406578
892,37.166666666666664,0.2008831741163564
893,37.208333333333336,0.2013264394081879
894,37.25,0.20176503900271045
895,37.291666666666664,0.20219896416742406
896,37.333333333333336,0.20262820703442913
897,37.375,0.2030527601822493
898,37.416666666666664,0.20347261397312172
899,37.458333333333336,0.20388775809674234
900,37.5,0.20429818709981987
901,37.541666666666664,0.20470389101578565
902,37.583333333333336,0.20510486492085364
903,37.625,0.205501098313385
904,37.666666666666664,0.2058925838393918
905,37.708333333333336,0.2062793148852454
906,37.75,0.20666128325198893
907,37.791666666666664,0.20703848391138058
908,37.833333333333336,0.20741090718038385
909,37.875,0.20777854596039796
910,37.916666666666664,0.20814139580761215
911,37.958333333333336,0.2084994471008225
912,38.0,0.2088526947403247
913,38.041666666666664,0.20920113041441962
914,38.083333333333336,0.20954474900377196
915,38.125,0.20988354466478695
916,38.166666666666664,0.21021750961282065
917,38.208333333333336,0.21054664030550121
918,38.25,0.21087092933667897
919,38.291666666666664,0.21119036985357517
920,38.333333333333336,0.2115049563955605
921,38.375,0.21181468331549888
922,38.416666666666664,0.2121195453855333
923,38.458333333333336,0.21241953987727005
924,38.5,0.21271465775796822
925,38.541666666666664,0.21300489623242788
926,38.583333333333336,0.21329024647270348
927,38.625,0.2135707061657826
928,38.666666666666664,0.2138462723822031
929,38.708333333333336,0.21411693709875845
930,38.75,0.21438269761881099
931,38.791666666666664,0.21464354994448578
932,38.833333333333336,0.21489948638926554
933,38.875,0.21515050614822487
934,38.916666666666664,0.21539660541366346
935,38.958333333333336,0.21563777683082472
936,39.0,0.21587401690468463
937,39.041666666666664,0.21610532372986713
938,39.083333333333336,0.21633169338676383
939,39.125,0.21655312108438698
940,39.166666666666664,0.216769603732915
941,39.208333333333336,0.21698113926956533
942,39.25,0.2171877248131432
943,39.291666666666664,0.21738935602071
944,39.333333333333336,0.21758602972904212
945,39.375,0.21777774390206536
946,39.416666666666664,0.21796449332906917
947,39.458333333333336,0.21814627884715837
948,39.5,0.2183230950721397
949,39.541666666666664,0.21849494308349335
950,39.583333333333336,0.21866181717741445
951,39.625,0.21882371539393855
952,39.666666666666664,0.2189806369913407
953,39.708333333333336,0.2191325782489169
954,39.75,0.2192795380255136
955,39.791666666666664,0.21942151595276002
956,39.833333333333336,0.21955850912915037
957,39.875,0.21969051645227433
958,39.916666666666664,0.21981753576435809
959,39.958333333333336,0.21993956424564773
960,40.0,0.22005660282061604
961,40.041666666666664,0.2201686506233548
962,40.083333333333336,0.22027570637807484
963,40.125,0.22037776751066068
964,40.166666666666664,0.2204748337443403
965,40.208333333333336,0.22056690633488085
966,40.25,0.22065398344701126
967,40.291666666666664,0.2207360644718105
968,40.333333333333336,0.22081315052078967
969,40.375,0.22088523799286175
970,40.416666666666664,0.2209523276713932
971,40.458333333333336,0.2210144211411279
972,40.5,0.22107151824184948
973,40.541666666666664,0.22112361787836265
974,40.583333333333336,0.22117072062369553
975,40.625,0.22121282886317467
976,40.666666666666664,0.2212499400823546
977,40.708333333333336,0.22128205833228712
978,40.75,0.22130918101527872
979,40.791666666666664,0.2213313087517233
980,40.833333333333336,0.2213484451591657
981,40.875,0.2213605912715355
982,40.916666666666664,0.22136774536354548
983,40.958333333333336,0.2213699102754014
984,41.0,0.22136708629439278
985,41.041666666666664,0.2213592747039654
986,41.083333333333336,0.2213464773304806
987,41.125,0.22132869836697314
988,41.166666666666664,0.22130593613192334
989,41.208333333333336,0.22127819476018248
990,41.25,0.22124547478238493
991,41.291666666666664,0.22120777666959165
992,41.333333333333336,0.221165106936479
993,41.375,0.2211174625708857
994,41.416666666666664,0.22106484846590752
995,41.458333333333336,0.221007267407855
996,41.5,0.22094472244096977
997,41.541666666666664,0.22087721531491095
998,41.583333333333336,0.22080474736857966
999,41.625,0.2207273237585262
1000,41.666666666666664,0.22064494733162576
1001,41.708333333333336,0.22055761910500132
1002,41.75,0.22046534399881107
1003,41.791666666666664,0.22036812442849443
1004,41.833333333333336,0.22026596252818856
1005,41.875,0.22015886580949381
1006,41.916666666666664,0.22004683299166028
1007,41.958333333333336,0.21992987059847263
1008,42.0,0.21980798122734474
1009,42.041666666666664,0.21968116917966202
1010,42.083333333333336,0.21954943727390333
1011,42.125,0.2194127906884373
1012,42.166666666666664,0.21927123471074803
1013,42.208333333333336,0.21912477145213177
1014,42.25,0.2189734056181355
1015,42.291666666666664,0.21881714367069371
1016,42.333333333333336,0.21865598845652245
1017,42.375,0.218489944609483
1018,42.416666666666664,0.21831901401955847
1019,42.458333333333336,0.21814320583929558
1020,42.5,0.21796252438000235
1021,42.541666666666664,0.21777697154849687
1022,42.583333333333336,0.21758655592379317
1023,42.625,0.21739128114768064
1024,42.666666666666664,0.21719115048825485
1025,42.708333333333336,0.2169861719618603
1026,42.75,0.21677635233340706
1027,42.791666666666664,0.2165616942464292
1028,42.833333333333336,0.2163422051217972
1029,42.875,0.21611789009102392
1030,42.916666666666664,0.21588875521297893
1031,42.958333333333336,0.21565480504337847
1032,43.0,0.21541604824862234
1033,43.041666666666664,0.2151724904492912
1034,43.083333333333336,0.21492413589214718
1035,43.125,0.21467099182790297
1036,43.166666666666664,0.21441306422612805
1037,43.208333333333336,0.21415035905298221
1038,43.25,0.21388288779519388
1039,43.291666666666664,0.21361065352680486
1040,43.333333333333336,0.2133336607418074
1041,43.375,0.21305192080362942
1042,43.416666666666664,0.21276543764284483
1043,43.458333333333336,0.21247421887798643
1044,43.5,0.2121782723465901
1045,43.541666666666664,0.21187760616777143
1046,43.583333333333336,0.21157222751589794
1047,43.625,0.21126214231769844
1048,43.666666666666664,0.21094735705576506
1049,43.708333333333336,0.2106278834811514
1050,43.75,0.21030372465670846
1051,43.791666666666664,0.20997489256665788
1052,43.833333333333336,0.20964139502482004
1053,43.875,0.2093032367983399
1054,43.916666666666664,0.20896042915412175
1055,43.958333333333336,0.2086129757738211
1056,44.0,0.20826088926149777
1057,44.041666666666664,0.20790417796159844
1058,44.083333333333336,0.20754284811386195
1059,44.125,0.2071769106641074
1060,44.166666666666664,0.2068063720725565
1061,44.208333333333336,0.20643124090937112
1062,44.25,0.20605152750695555
1063,44.291666666666664,0.20566724184125623
1064,44.333333333333336,0.20527839121706362
1065,44.375,0.20488498466165903
1066,44.416666666666664,0.20448703256173123
1067,44.458333333333336,0.20408454530503076
1068,44.5,0.20367752845184564
1069,44.541666666666664,0.20326599539504756
1070,44.583333333333336,0.20284995241924872
1071,44.625,0.20242941048787705
1072,44.666666666666664,0.2020043795607933
1073,44.708333333333336,0.20157487098174476
1074,44.75,0.20114089179635156
1075,44.791666666666664,0.2007024548506462
1076,44.833333333333336,0.20025956848193113
1077,44.875,0.19981224343572176
1078,44.916666666666664,0.1993604925222655
1079,44.958333333333336,0.19890432206457076
1080,45.0,0.19844374253282268
1081,45.041666666666664,0.1979787678158724
1082,45.083333333333336,0.19750940588788235
1083,45.125,0.19703566921371077
1084,45.166666666666664,0.19655756818455974
1085,45.208333333333336,0.19607511253626841
1086,45.25,0.19558831583619263
1087,45.291666666666664,0.1950971880621951
1088,45.333333333333336,0.19460173871776945
1089,45.375,0.1941019816885266
1090,45.416666666666664,0.19359792645782653
1091,45.458333333333336,0.19308958587141875
1092,45.5,0.19257696966713359
1093,45.541666666666664,0.19206008998265992
1094,45.583333333333336,0.19153895915486754
1095,45.625,0.19101359020773456
1096,45.666666666666664,0.1904839942258886
1097,45.708333333333336,0.1899501801710886
1098,45.75,0.18941216642453843
1099,45.791666666666664,0.18886995952811003
1100,45.833333333333336,0.1883235744762632
1101,45.875,0.1877730250255319
1102,45.916666666666664,0.18721832144934364
1103,45.958333333333336,0.18665947565784383
1104,46.0,0.18609650097141084
1105,46.041666666666664,0.1855294109146334
1106,46.083333333333336,0.18495821768013246
1107,46.125,0.18438293500793276
1108,46.166666666666664,0.18380357244180487
1109,46.208333333333336,0.1832201482183254
1110,46.25,0.1826326728483537
1111,46.291666666666664,0.18204116053036576
1112,46.333333333333336,0.18144562267735298
1113,46.375,0.18084607516484874
1114,46.416666666666664,0.18024252750591055
1115,46.458333333333336,0.1796349979572149
1116,46.5,0.17902349836512294
1117,46.541666666666664,0.17840804077172295
1118,46.583333333333336,0.17778864159649926
1119,46.625,0.17716531602447402
1120,46.666666666666664,0.17653807413966222
1121,46.708333333333336,0.17590693503700802
1122,46.75,0.1752719089570586
1123,46.791666666666664,0.1746330116408178
1124,46.833333333333336,0.17399025734953863
1125,46.875,0.17334366186386826
1126,46.916666666666664,0.17269323889466448
1127,46.958333333333336,0.17203900032386332
1128,47.0,0.17138096438045486
1129,47.041666666666664,0.17071914599760482
1130,47.083333333333336,0.17005355935078792
1131,47.125,0.16938421902411435
1132,47.166666666666664,0.1687111415064701
1133,47.208333333333336,0.16803434131270642
1134,47.25,0.16735383400704962
1135,47.291666666666664,0.16666963467881368
1136,47.333333333333336,0.1659817594788932
1137,47.375,0.16529022514870953
1138,47.416666666666664,0.1645950452910985
1139,47.458333333333336,0.1638962375855173
1140,47.5,0.16319381533373997
1141,47.541666666666664,0.16248779551863674
1142,47.583333333333336,0.16177819416364794
1143,47.625,0.16106503027241723
1144,47.666666666666664,0.1603483194480497
1145,47.708333333333336,0.15962807614302016
1146,47.75,0.15890431892920198
1147,47.791666666666664,0.15817706202252987
1148,47.833333333333336,0.15744632530447017
1149,47.875,0.15671212373729065
1150,47.916666666666664,0.15597447369822748
1151,47.958333333333336,0.15523339164081978
1152,48.0,0.15448889793279993
1153,48.041666666666664,0.1537410068585985
1154,48.083333333333336,0.1529897373203576
1155,48.125,0.15223510538389384
1156,48.166666666666664,0.1514771317362553
1157,48.208333333333336,0.15071583362479055
1158,48.25,0.14995122628414537
1159,48.291666666666664,0.1491833285704202
1160,48.333333333333336,0.1484121600275287
1161,48.375,0.14763773706122058
1162,48.416666666666664,0.146860080249125
1163,48.458333333333336,0.14607920941081196
1164,48.5,0.14529513727853732
1165,48.541666666666664,0.1445078890148201
1166,48.583333333333336,0.14371747766459542
1167,48.625,0.14292392525975958
1168,48.666666666666664,0.1421272520547684
1169,48.708333333333336,0.14132747498952236
1170,48.75,0.14052461540532069
1171,48.791666666666664,0.1397186917644915
1172,48.833333333333336,0.13890972150526687
1173,48.875,0.13809772873137313
1174,48.916666666666664,0.13728273018675552
1175,48.958333333333336,0.13646474802014763
1176,49.0,0.13564379958605713
1177,49.041666666666664,0.13481990942482197
1178,49.083333333333336,0.13399309402715412
1179,49.125,0.13316337781896406
1180,49.166666666666664,0.13233077938375148
1181,49.208333333333336,0.13149531879578694
1182,49.25,0.13065701996034734
1183,49.291666666666664,0.12981590419408123
1184,49.333333333333336,0.12897199252396505
1185,49.375,0.12812530684390533
1186,49.416666666666664,0.1272758688286519
1187,49.458333333333336,0.12642369852117022
1188,49.5,0.12556882281575685
1189,49.541666666666664,0.12471126165909012
1190,49.583333333333336,0.12385103821386484
1191,49.625,0.12298817577823383
1192,49.666666666666664,0.12212269526776315
1193,49.708333333333336,0.1212546245469985
1194,49.75,0.12038398499092805
1195,49.791666666666664,0.11951080099698715
1196,49.833333333333336,0.11863509494525885
1197,49.875,0.1177568940577918
1198,49.916666666666664,0.11687622080299885
1199,49.958333333333336,0.11599310214518779
1200,50.0,0.1151075602292553
1201,50.041666666666664,0.11421962494292665
1202,50.083333333333336,0.11332932191957522
1203,50.125,0.11243667479391262
1204,50.166666666666664,0.11154171220955629
1205,50.208333333333336,0.11064446092329344
1206,50.25,0.10974494711003982
1207,50.291666666666664,0.10884320094518585
1208,50.333333333333336,0.1079392494382619
1209,50.375,0.10703311919166979
1210,50.416666666666664,0.106124841689898
1211,50.458333333333336,0.10521444539769353
1212,50.5,0.1043019623919866
1213,50.541666666666664,0.10338741977712587
1214,50.583333333333336,0.10247084928867928
1215,50.625,0.10155228466991381
1216,50.666666666666664,0.1006317588280537
1217,50.708333333333336,0.09970930131203504
1218,50.75,0.09878494755495353
1219,50.791666666666664,0.09785873089391772
1220,50.833333333333336,0.09693068430218922
1221,50.875,0.0960008458729872
1222,50.916666666666664,0.09506925239973212
1223,50.958333333333336,0.09413593810272218
1224,51.0,0.09320094207372934
1225,51.041666666666664,0.09226430368227899
1226,51.083333333333336,0.09132606100176562
1227,51.125,0.09038626000467584
1228,51.166666666666664,0.08944493768684984
1229,51.208333333333336,0.0885021384595866
1230,51.25,0.08755790494757557
1231,51.291666666666664,0.08661228812799626
1232,51.333333333333336,0.08566533203978814
1233,51.375,0.0847170838391472
1234,51.416666666666664,0.08376759718117416
1235,51.458333333333336,0.0828169211546048
1236,51.5,0.08186510832153399
1237,51.541666666666664,0.08091221956724876
1238,51.583333333333336,0.07995830853276562
1239,51.625,0.07900343816669231
1240,51.666666666666664,0.07804767082951512
1241,51.708333333333336,0.07709107307487739
1242,51.75,0.0761337126397683
1243,51.791666666666664,0.07517566261504025
1244,51.833333333333336,0.07421699589127857
1245,51.875,0.07325779269971362
1246,51.916666666666664,0.07229813797270461
1247,51.958333333333336,0.07133811939257097
1248,52.0,0.07037783008089021
1249,52.041666666666664,0.06941737080137457
1250,52.083333333333336,0.06845684851937003
1251,52.125,0.06749637473007421
1252,52.166666666666664,0.06653607174245207
1253,52.208333333333336,0.06557607142369519
1254,52.25,0.06461651640685531
1255,52.291666666666664,0.06365756282595514
1256,52.333333333333336,0.0626993829852437
1257,52.375,0.061742166863219386
1258,52.416666666666664,0.060786127398134396
1259,52.458333333333336,0.05983151716089233
1260,52.5,0.0588786281025271
1261,52.541666666666664,0.05792785486360452
1262,52.583333333333336,0.05697987813081974
1263,52.625,0.05603483499930473
1264,52.666666666666664,0.055092702110013866
1265,52.708333333333336,0.05415368304208495
1266,52.75,0.053218086781154625
1267,52.791666666666664,0.052286344502829735
1268,52.833333333333336,0.051359194897800976
1269,52.875,0.050437597382188205
1270,52.916666666666664,0.049521150031528155
1271,52.958333333333336,0.048609852317566295
1272,53.0,0.04770386619949714
1273,53.041666666666664,0.046803438733484096
1274,53.083333333333336,0.0459088747440763
1275,53.125,0.04502052237404805
1276,53.166666666666664,0.04413877494704142
1277,53.208333333333336,0.043264077900979254
1278,53.25,0.042396913285680925
1279,53.291666666666664,0.041537818266279385
1280,53.333333333333336,0.04068739516221859
1281,53.375,0.03984637275231809
1282,53.416666666666664,0.039015618445823866
1283,53.458333333333336,0.0381958167035838
1284,53.5,0.037386917313792345
1285,53.541666666666664,0.03658893051612874
1286,53.583333333333336,0.03580216409271562
1287,53.625,0.03502705620677647
1288,53.666666666666664,0.03426416243183317
1289,53.708333333333336,0.03351413864074538
1290,53.75,0.03277779913735756
1291,53.791666666666664,0.03205611741933299
1292,53.833333333333336,0.031350006145204196
1293,53.875,0.030660493916873616
1294,53.916666666666664,0.029988765641892692
1295,53.958333333333336,0.02933617751535287
1296,54.0,0.028704303981794854
1297,54.041666666666664,0.028094982730660543
1298,54.083333333333336,0.027510398010357442
1299,54.125,0.026953238399713836
1300,54.166666666666664,0.026427015362121834
1301,54.208333333333336,0.025935671220864397
1302,54.25,0.025484215669458334
1303,54.291666666666664,0.02508192250336783
1304,54.333333333333336,0.024736060809140394
1305,54.375,0.024446719120925452
1306,54.416666666666664,0.024213935806091984
1307,54.458333333333336,0.02403098037470056
1308,54.5,0.023893051283065136
1309,54.541666666666664,0.02379886832438105
1310,54.583333333333336,0.02375213874562001
1311,54.625,0.023758288818514172
1312,54.666666666666664,0.023812067875868533
1313,54.708333333333336,0.023908717822970427
1314,54.75,0.024046799153719368
1315,54.791666666666664,0.024222903430125457
1316,54.833333333333336,0.024433938398139027
1317,54.875,0.024679746847198005
1318,54.916666666666664,0.02495621888393878
1319,54.958333333333336,0.025260630574024924
1320,55.0,0.025591143442862917
1321,55.041666666666664,0.02594645447839367
1322,55.083333333333336,0.02632555696450352
1323,55.125,0.026727660524347024
1324,55.166666666666664,0.027152125655644888
1325,55.208333333333336,0.02759844823545197
1326,55.25,0.028066251343061507
1327,55.291666666666664,0.02855531111872131
1328,55.333333333333336,0.029065660735959786
1329,55.375,0.029598215829263644
1330,55.416666666666664,0.030152148938307363
1331,55.458333333333336,0.030725830328333783
1332,55.5,0.03131891126014556
1333,55.541666666666664,0.031931508949945474
1334,55.583333333333336,0.03256356206108615
1335,55.625,0.033215363096410495
1336,55.666666666666664,0.03388508991790768
1337,55.708333333333336,0.034571533268245795
1338,55.75,0.03527395157564292
1339,55.791666666666664,0.03599183008795066
1340,55.833333333333336,0.03672488619639412
1341,55.875,0.03747329604618058
1342,55.916666666666664,0.038237174064586106
1343,55.958333333333336,0.03901510715603511
1344,56.0,0.0398066056222837
1345,56.041666666666664,0.04061118798132921
1346,56.083333333333336,0.041427557424954804
1347,56.125,0.04225497127651581
1348,56.166666666666664,0.04309294143163291
1349,56.208333333333336,0.0439411686219639
1350,56.25,0.04479957279284589
1351,56.291666666666664,0.04566850434306146
1352,56.333333333333336,0.04654936887842415
1353,56.375,0.047441223922658655
1354,56.416666666666664,0.048341649470785175
1355,56.458333333333336,0.04924935055915745
1356,56.5,0.05016343024699332
1357,56.541666666666664,0.05108319304084065
1358,56.583333333333336,0.052008067001312296
1359,56.625,0.0529375736231332
1360,56.666666666666664,0.05387130577796134
1361,56.708333333333336,0.05480891073828996
1362,56.75,0.055750088313126424
1363,56.791666666666664,0.05669458848409682
1364,56.833333333333336,0.0576422035286474
1365,56.875,0.058592787327189796
1366,56.916666666666664,0.059546309158981806
1367,56.958333333333336,0.06050299973281962
1368,57.0,0.06146226950972087
1369,57.041666666666664,0.062423584957764
1370,57.083333333333336,0.06338660690196309
1371,57.125,0.06435106197111012
1372,57.166666666666664,0.06531671655252898
1373,57.208333333333336,0.06628336647360217
1374,57.25,0.06725082831692357
1375,57.291666666666664,0.06821893385833963
1376,57.333333333333336,0.06918753186633242
1377,57.375,0.070156479430531
1378,57.416666666666664,0.07112564898570585
1379,57.458333333333336,0.07209491577262166
1380,57.5,0.07306416892033805
1381,57.541666666666664,0.0740332993852415
1382,57.583333333333336,0.0750022084895373
1383,57.625,0.07597079891011944
1384,57.666666666666664,0.0769389804489915
1385,57.708333333333336,0.07790667039701521
1386,57.75,0.07887378416616424
1387,57.791666666666664,0.07984024395229315
1388,57.833333333333336,0.08080597836835329
1389,57.875,0.08177091613194076
1390,57.916666666666664,0.08273498883008064
1391,57.958333333333336,0.0836981285289255
1392,58.0,0.08466027500384796
1393,58.041666666666664,0.08562136634281554
1394,58.083333333333336,0.08658134357602051
1395,58.125,0.0875401483453649
1396,58.166666666666664,0.08849772998150669
1397,58.208333333333336,0.08945403265344239
1398,58.25,0.09040900456990543
1399,58.291666666666664,0.09136259516249395
1400,58.333333333333336,0.09231475838394722
1401,58.375,0.09326544554219783
1402,58.416666666666664,0.0942146130577805
1403,58.458333333333336,0.09516221201559652
1404,58.5,0.09610820147432976
1405,58.541666666666664,0.09705253666794358
1406,58.583333333333336,0.09799517634462272
1407,58.625,0.09893607981618115
1408,58.666666666666664,0.09987520729390681
1409,58.708333333333336,0.10081251789200867
1410,58.75,0.10174797542253723
1411,58.791666666666664,0.10268154044544975
1412,58.833333333333336,0.10361317588178628
1413,58.875,0.10454284572872183
1414,58.916666666666664,0.10547051773665853
1415,58.958333333333336,0.10639615135806682
1416,59.0,0.10731971445076659
1417,59.041666666666664,0.10824117205964247
1418,59.083333333333336,0.10916049103754248
1419,59.125,0.11007763885854055
1420,59.166666666666664,0.1109925825828017
1421,59.208333333333336,0.11190528986037523
1422,59.25,0.11281572706989215
1423,59.291666666666664,0.11372386847486918
1424,59.333333333333336,0.11462967766555475
1425,59.375,0.11553312837111256
1426,59.416666666666664,0.11643418749637438
1427,59.458333333333336,0.11733282875869047
1428,59.5,0.11822901976849705
1429,59.541666666666664,0.11912273224103462
1430,59.583333333333336,0.12001393771458171
1431,59.625,0.12090260708158325
1432,59.666666666666664,0.1217887142488651
1433,59.708333333333336,0.1226722309699059
1434,59.75,0.12355313075305796
1435,59.791666666666664,0.12443138425141403
1436,59.833333333333336,0.12530696468799393
1437,59.875,0.12617984772545524
1438,59.916666666666664,0.12705000261065116
1439,59.958333333333336,0.12791740881122515
1440,60.0,0.12878203596234858
1441,60.041666666666664,0.12964386139478679
1442,60.083333333333336,0.13050285957432048
1443,60.125,0.13135900385890031
1444,60.166666666666664,0.13221227089853216
1445,60.208333333333336,0.13306263364866167
1446,60.25,0.133910071230815
1447,60.291666666666664,0.13475455747102488
1448,60.333333333333336,0.13559606921859957
1449,60.375,0.13643457964808706
1450,60.416666666666664,0.13727006778466366
1451,60.458333333333336,0.13810250948499425
1452,60.5,0.13893188065947268
1453,60.541666666666664,0.13975816009273997
1454,60.583333333333336,0.14058132498431014
1455,60.625,0.14140135022983236
1456,60.666666666666664,0.14221821652975586
1457,60.708333333333336,0.1430318967046105
1458,60.75,0.14384237262076144
1459,60.791666666666664,0.14464962134435522
1460,60.833333333333336,0.14545362161833397
1461,60.875,0.1462543525052014
1462,60.916666666666664,0.14705178908958733
1463,60.958333333333336,0.14784591406324923
1464,61.0,0.14863670500495774
1465,61.041666666666664,0.14942413984950897
1466,61.083333333333336,0.1502081958711535
1467,61.125,0.1509888546585345
1468,61.166666666666664,0.15176609668278337
1469,61.208333333333336,0.15253989879760346
1470,61.25,0.15331024441637925
1471,61.291666666666664,0.15407711128390084
1472,61.333333333333336,0.1548404808060835
1473,61.375,0.1556003341991295
1474,61.416666666666664,0.1563566487732817
1475,61.458333333333336,0.15710940628136494
1476,61.5,0.1578585883033192
1477,61.541666666666664,0.15860417346850203
1478,61.583333333333336,0.15934614446160608
1479,61.625,0.1600844808140602
1480,61.666666666666664,0.16081916388942027
1481,61.708333333333336,0.16155017834616744
1482,61.75,0.16227750240168376
1483,61.791666666666664,0.1630011194149652
1484,61.833333333333336,0.16372101119617302
1485,61.875,0.16443715813305196
1486,61.916666666666664,0.1651495435601843
1487,61.958333333333336,0.1658581472292927
1488,62.0,0.16656295632518797
1489,62.041666666666664,0.16726394802035804
1490,62.083333333333336,0.167961109745168
1491,62.125,0.16865442166587427
1492,62.166666666666664,0.16934386769616305
1493,62.208333333333336,0.17002943104493215
1494,62.25,0.17071109341522797
1495,62.291666666666664,0.1713888387192662
1496,62.333333333333336,0.17206265220712896
1497,62.375,0.1727325146670904
1498,62.416666666666664,0.17339841012425458
1499,62.458333333333336,0.1740603238813261
1500,62.5,0.17471824061710833
1501,62.541666666666664,0.17537214329833795
1502,62.583333333333336,0.1760220159656515
1503,62.625,0.1766678429776119
1504,62.666666666666664,0.17730960901371687
1505,62.708333333333336,0.17794729785477506
1506,62.75,0.17858089488205817
1507,62.791666666666664,0.17921038574479475
1508,62.833333333333336,0.17983575385432357
1509,62.875,0.18045698755342754
1510,62.916666666666664,0.18107406797405987
1511,62.958333333333336,0.18168698496657731
1512,63.0,0.18229571972197253
1513,63.041666666666664,0.18290025896181203
1514,63.083333333333336,0.18350059060373863
1515,63.125,0.18409669738586498
1516,63.166666666666664,0.18468856735080927
1517,63.208333333333336,0.18527618555442962
1518,63.25,0.185859540342672
1519,63.291666666666664,0.1864386147305206
1520,63.333333333333336,0.18701339736769426
1521,63.375,0.18758387353131145
1522,63.416666666666664,0.18815003310487394
1523,63.458333333333336,0.18871186267591042
1524,63.5,0.1892693457747097
1525,63.541666666666664,0.18982247366670937
1526,63.583333333333336,0.19037123124653696
1527,63.625,0.1909156044301715
1528,63.666666666666664,0.19145558150559125
1529,63.708333333333336,0.19199115395713873
1530,63.75,0.19252230610705987
1531,63.791666666666664,0.19304902635798274
1532,63.833333333333336,0.193571303406867
1533,63.875,0.19408912497357925
1534,63.916666666666664,0.19460247669059635
1535,63.958333333333336,0.19511134975946443
1536,64.0,0.19561573206806948
1537,64.04166666666667,0.19611561279903186
1538,64.08333333333333,0.19661098119747608
1539,64.125,0.19710182671758367
1540,64.16666666666667,0.1975881354508748
1541,64.20833333333333,0.19806989721970802
1542,64.25,0.1985471036121326
1543,64.29166666666667,0.19901974356882457
1544,64.33333333333333,0.1994878036475122
1545,64.375,0.19995127594067735
1546,64.41666666666667,0.2004101497142858
1547,64.45833333333333,0.20086441603328162
1548,64.5,0.20131406409642896
1549,64.54166666666667,0.20175908324793432
1550,64.58333333333333,0.20219946406837028
1551,64.625,0.20263519609867361
1552,64.66666666666667,0.20306627345982364
1553,64.70833333333333,0.20349268458139746
1554,64.75,0.20391441731730497
1555,64.79166666666667,0.20433146477127684
1556,64.83333333333333,0.20474381921396717
1557,64.875,0.2051514711000392
1558,64.91666666666667,0.20555441132640093
1559,64.95833333333333,0.20595263186151552
1560,65.0,0.20634612273227124
1561,65.04166666666667,0.20673487391771425
1562,65.08333333333333,0.20711888030184356
1563,65.125,0.2074981324559883
1564,65.16666666666667,0.20787262266008463
1565,65.20833333333333,0.20824234222460697
1566,65.25,0.20860728505276557
1567,65.29166666666667,0.2089674426673301
1568,65.33333333333333,0.20932280637978082
1569,65.375,0.2096733702008599
1570,65.41666666666667,0.21001912532762096
1571,65.45833333333333,0.2103600668249294
1572,65.5,0.21069618559240366
1573,65.54166666666667,0.2110274751078914
1574,65.58333333333333,0.2113539283409361
1575,65.625,0.2116755389265288
1576,65.66666666666667,0.211992302002411
1577,65.70833333333333,0.21230420912504025
1578,65.75,0.2126112522681701
1579,65.79166666666667,0.21291342768998678
1580,65.83333333333333,0.2132107295315839
1581,65.875,0.21350314968952383
1582,65.91666666666667,0.21379068441629107
1583,65.95833333333333,0.214073327425694
1584,66.0,0.21435107244375878
1585,66.04166666666667,0.21462391375476328
1586,66.08333333333333,0.21489184574012857
1587,66.125,0.21515486442985826
1588,66.16666666666667,0.2154129637501344
1589,66.20833333333333,0.2156661389878107
1590,66.25,0.2159143866174136
1591,66.29166666666667,0.21615770016098917
1592,66.33333333333333,0.21639607531906027
1593,66.375,0.21662950721610627
1594,66.41666666666667,0.21685799153429225
1595,66.45833333333333,0.21708152301114628
1596,66.5,0.21730009755688756
1597,66.54166666666667,0.2175137125270132
1598,66.58333333333333,0.21772236244696486
1599,66.625,0.21792604412539687
1600,66.66666666666667,0.21812475393835998
1601,66.70833333333333,0.21831848787582292
1602,66.75,0.21850724266487762
1603,66.79166666666667,0.21869101385120437
1604,66.83333333333333,0.2188698000186641
1605,66.875,0.21904359759749284
1606,66.91666666666667,0.21921240363901315
1607,66.95833333333333,0.2193762142836627
1608,67.0,0.21953502681399825
1609,67.04166666666667,0.21968883932623176
1610,67.08333333333333,0.21983764810570883
1611,67.125,0.21998145146149203
1612,67.16666666666667,0.22012024543645353
1613,67.20833333333333,0.22025403027588572
1614,67.25,0.22038280225274143
1615,67.29166666666667,0.22050656059336782
1616,67.33333333333333,0.22062530351048898
1617,67.375,0.22073902831919168
1618,67.41666666666667,0.2208477341064497
1619,67.45833333333333,0.22095141712813193
1620,67.5,0.22105008075709884
1621,67.54166666666667,0.22114371910172276
1622,67.58333333333333,0.22123233106923726
1623,67.625,0.221315917714824
1624,67.66666666666667,0.22139447689975728
1625,67.70833333333333,0.22146800885473594
1626,67.75,0.22153651098328114
1627,67.79166666666667,0.22159998518967536
1628,67.83333333333333,0.22165843038561348
1629,67.875,0.2217118459959527
1630,67.91666666666667,0.22176022873618367
1631,67.95833333333333,0.2218035811956154
1632,68.0,0.22184190322169237
1633,68.04166666666667,0.22187519241057033
1634,68.08333333333333,0.22190345332367956
1635,68.125,0.22192668454172415
1636,68.16666666666667,0.22194488503675763
1637,68.20833333333333,0.22195805632163862
1638,68.25,0.22196619996706574
1639,68.29166666666667,0.2219693150914198
1640,68.33333333333333,0.22196740290465983
1641,68.375,0.2219604633488943
1642,68.41666666666667,0.2219485002681947
1643,68.45833333333333,0.2219315134919443
1644,68.5,0.2219095027894334
1645,68.54166666666667,0.22188247235187636
1646,68.58333333333333,0.2218504229037373
1647,68.625,0.22181335612306965
1648,68.66666666666667,0.2217712735245712
1649,68.70833333333333,0.22172417673809822
1650,68.75,0.22167206495261382
1651,68.79166666666667,0.22161494289752176
1652,68.83333333333333,0.22155281384124925
1653,68.875,0.22148568039354538
1654,68.91666666666667,0.22141354423307313
1655,68.95833333333333,0.22133640665352722
1656,69.0,0.22125427045985757
1657,69.04166666666667,0.22116714018019834
1658,69.08333333333333,0.22107501699025744
1659,69.125,0.2209779031269531
1660,69.16666666666667,0.22087580439680812
1661,69.20833333333333,0.220768720847426
1662,69.25,0.22065665906220858
1663,69.29166666666667,0.22053962074734015
1664,69.33333333333333,0.2204176107172781
1665,69.375,0.22029062954160206
1666,69.41666666666667,0.22015868184841533
1667,69.45833333333333,0.22002177330971645
1668,69.5,0.2198799057454851
1669,69.54166666666667,0.21973308461230295
1670,69.58333333333333,0.2195813134770853
1671,69.625,0.21942459897770364
1672,69.66666666666667,0.21926294490677056
1673,69.70833333333333,0.21909635352595144
1674,69.75,0.21892483022489906
1675,69.79166666666667,0.21874837995709379
1676,69.83333333333333,0.21856700538481746
1677,69.875,0.2183807167198948
1678,69.91666666666667,0.21818951431138137
1679,69.95833333333333,0.21799340426359085
1680,70.0,0.217792393211065
1681,70.04166666666667,0.21758648711525397
1682,70.08333333333333,0.21737569172320817
1683,70.125,0.21716000949506983
1684,70.16666666666667,0.21693944697664036
1685,70.20833333333333,0.2167140113654534
1686,70.25,0.21648370809393927
1687,70.29166666666667,0.2162485447172746
1688,70.33333333333333,0.21600852691571787
1689,70.375,0.2157636580493877
1690,70.41666666666667,0.21551394579404487
1691,70.45833333333333,0.21525939647883657
1692,70.5,0.2150000195941811
1693,70.54166666666667,0.2147358174412411
1694,70.58333333333333,0.21446679792832096
1695,70.625,0.21419296935708165
1696,70.66666666666667,0.21391433958920134
1697,70.70833333333333,0.2136309141408841
1698,70.75,0.2133426995608575
1699,70.79166666666667,0.2130497049555508
1700,70.83333333333333,0.21275193534719192
1701,70.875,0.21244940223182396
1702,70.91666666666667,0.21214210835123185
1703,70.95833333333333,0.21183006544386004
1704,71.0,0.2115132790483988
1705,71.04166666666667,0.21119175898951503
1706,71.08333333333333,0.21086551063256473
1707,71.125,0.2105345444764887
1708,71.16666666666667,0.21019886830009396
1709,71.20833333333333,0.209858490236427
1710,71.25,0.20951341829204098
1711,71.29166666666667,0.20916366107832746
1712,71.33333333333333,0.20880922707548222
1713,71.375,0.20845012756654693
1714,71.41666666666667,0.20808636864759128
1715,71.45833333333333,0.20771796155401975
1716,71.5,0.2073449117310195
1717,71.54166666666667,0.20696723187004054
1718,71.58333333333333,0.2065849311459041
1719,71.625,0.2061980159260901
1720,71.66666666666667,0.20580649651288327
1721,71.70833333333333,0.20541038463551894
1722,71.75,0.20500968947652437
1723,71.79166666666667,0.20460442166758083
1724,71.83333333333333,0.20419458764465165
1725,71.875,0.2037802002422707
1726,71.91666666666667,0.20336127180434116
1727,71.95833333333333,0.20293780840598488
1728,72.0,0.20250982501403994
1729,72.04166666666667,0.20207732731307262
1730,72.08333333333333,0.2016403265243684
1731,72.125,0.2011988368489616
1732,72.16666666666667,0.20075286610380308
1733,72.20833333333333,0.20030242412171742
1734,72.25,0.19984752515982324
1735,72.29166666666667,0.19938817773286516
1736,72.33333333333333,0.19892439300342163
1737,72.375,0.1984561830613161
1738,72.41666666666667,0.19798356168516673
1739,72.45833333333333,0.19750653791901082
1740,72.5,0.19702512434701414
1741,72.54166666666667,0.19653933263588136
1742,72.58333333333333,0.19604917239942102
1743,72.625,0.19555465564296878
1744,72.66666666666667,0.1950557976394724
1745,72.70833333333333,0.1945526106907343
1746,72.75,0.19404510243801734
1747,72.79166666666667,0.19353328941663245
1748,72.83333333333333,0.19301718339510116
1749,72.875,0.19249679481806184
1750,72.91666666666667,0.1919721373748076
1751,72.95833333333333,0.19144322553781512
1752,73.0,0.19091006948142397
1753,73.04166666666667,0.1903726839072238
1754,73.08333333333333,0.18983108072740246
1755,73.125,0.18928527428704428
1756,73.16666666666667,0.188735275855915
1757,73.20833333333333,0.18818110066462007
1758,73.25,0.1876227634330172
1759,73.29166666666667,0.18706027347807389
1760,73.33333333333333,0.18649364813129074
1761,73.375,0.18592290018236438
1762,73.41666666666667,0.18534804314661532
1763,73.45833333333333,0.18476909243551848
1764,73.5,0.1841860602841112
1765,73.54166666666667,0.18359896132847783
1766,73.58333333333333,0.183007809244291
1767,73.625,0.18241262103358458
1768,73.66666666666667,0.1818134076473217
1769,73.70833333333333,0.1812101873051236
1770,73.75,0.1806029728657948
1771,73.79166666666667,0.1799917778226846
1772,73.83333333333333,0.17937661868362106
1773,73.875,0.17875751115323707
1774,73.91666666666667,0.1781344713110324
1775,73.95833333333333,0.177507510341102
1776,74.0,0.17687664780027912
1777,74.04166666666667,0.17624189511798274
1778,74.08333333333333,0.17560327130507494
1779,74.125,0.17496078977350993
1780,74.16666666666667,0.17431446810037096
1781,74.20833333333333,0.17366432250414118
1782,74.25,0.17301036665331093
1783,74.29166666666667,0.172352618662956
1784,74.33333333333333,0.17169109196340768
1785,74.375,0.17102580542216392
1786,74.41666666666667,0.170356775759889
1787,74.45833333333333,0.1696840193163864
1788,74.5,0.1690075528571686
1789,74.54166666666667,0.16832739255714843
1790,74.58333333333333,0.16764355369653225
1791,74.625,0.1669560555082274
1792,74.66666666666667,0.1662649132029348
1793,74.70833333333333,0.16557014607516082
1794,74.75,0.16487177136045342
1795,74.79166666666667,0.16416980496268765
1796,74.83333333333333,0.1634642663241759
1797,74.875,0.162755172153385
1798,74.91666666666667,0.16204253906206445
1799,74.95833333333333,0.16132638664251966
1800,75.0,0.16060673379005164
1801,75.04166666666667,0.15988359426630924
1802,75.08333333333333,0.1591569897411391
1803,75.125,0.15842693750409453
1804,75.16666666666667,0.15769345797197407
1805,75.20833333333333,0.15695656873194513
1806,75.25,0.1562162866744457
1807,75.29166666666667,0.15547263269259198
1808,75.33333333333333,0.15472562483013352
1809,75.375,0.15397528470009533
1810,75.41666666666667,0.15322163061231805
1811,75.45833333333333,0.15246468124447576
1812,75.5,0.15170445602614857
1813,75.54166666666667,0.1509409739870798
1814,75.58333333333333,0.15017425620952798
1815,75.625,0.14940432182102414
1816,75.66666666666667,0.14863119114890413
1817,75.70833333333333,0.14785488504721467
1818,75.75,0.14707542422973172
1819,75.79166666666667,0.14629282850309297
1820,75.83333333333333,0.14550711784557013
1821,75.875,0.1447183135397843
1822,75.91666666666667,0.14392643734558858
1823,75.95833333333333,0.14313151327659673
1824,76.0,0.14233355723280042
1825,76.04166666666667,0.14153259380487232
1826,76.08333333333333,0.1407286418093468
1827,76.125,0.1399217283199637
1828,76.16666666666667,0.13911187006556341
1829,76.20833333333333,0.13829909021076628
1830,76.25,0.13748341461996033
1831,76.29166666666667,0.13666486474878659
1832,76.33333333333333,0.13584346239863393
1833,76.375,0.13501922910150108
1834,76.41666666666667,0.13419218997904048
1835,76.45833333333333,0.1333623680223535
1836,76.5,0.13252978687868908
1837,76.54166666666667,0.13169447003296045
1838,76.58333333333333,0.1308564410834448
1839,76.625,0.1300157255662154
1840,76.66666666666667,0.12917234727821836
1841,76.70833333333333,0.12832633262132268
1842,76.75,0.12747770189178118
1843,76.79166666666667,0.1266264832239752
1844,76.83333333333333,0.12577270487553774
1845,76.875,0.12491639118452331
1846,76.91666666666667,0.12405756556627101
1847,76.95833333333333,0.12319625483307023
1848,77.0,0.12233248661695413
1849,77.04166666666667,0.12146628751477792
1850,77.08333333333333,0.12059768675972359
1851,77.125,0.11972671167385428
1852,77.16666666666667,0.11885339026105508
1853,77.20833333333333,0.11797774818194075
1854,77.25,0.1170998161109229
1855,77.29166666666667,0.11621962302429387
1856,77.33333333333333,0.11533719859972279
1857,77.375,0.11445257200280673
1858,77.41666666666667,0.1135657719909126
1859,77.45833333333333,0.11267683315220187
1860,77.5,0.11178578675253209
1861,77.54166666666667,0.11089266072735611
1862,77.58333333333333,0.10999748910972744
1863,77.625,0.10910030699830676
1864,77.66666666666667,0.10820114621462106
1865,77.70833333333333,0.10730003850929287
1866,77.75,0.1063970206835663
1867,77.79166666666667,0.10549212816270462
1868,77.83333333333333,0.10458539758829866
1869,77.875,0.10367686141734676
1870,77.91666666666667,0.10276656106034547
1871,77.95833333333333,0.10185453104086992
1872,78.0,0.10094081316552404
1873,78.04166666666667,0.10002544701598437
1874,78.08333333333333,0.09910847212271508
1875,78.125,0.09818993195565508
1876,78.16666666666667,0.09726986613300481
1877,78.20833333333333,0.09634831883724858
1878,78.25,0.09542533780808161
1879,78.29166666666667,0.09450096681404464
1880,78.33333333333333,0.09357525401244046
1881,78.375,0.09264824641142207
1882,78.41666666666667,0.09171999283108576
1883,78.45833333333333,0.09079054538758244
1884,78.5,0.08985995992109849
1885,78.54166666666667,0.08892828793306619
1886,78.58333333333333,0.0879955884535867
1887,78.625,0.08706191921378295
1888,78.66666666666667,0.08612733897386698
1889,78.70833333333333,0.08519191112237642
1890,78.75,0.08425569934698217
1891,78.79166666666667,0.08331877053838782
1892,78.83333333333333,0.08238119742287962
1893,78.875,0.0814430518002417
1894,78.91666666666667,0.08050440955052875
1895,78.95833333333333,0.07956534820989856
1896,79.0,0.07862595423270367
1897,79.04166666666667,0.07768631162619084
1898,79.08333333333333,0.07674650993697966
1899,79.125,0.07580664878940196
1900,79.16666666666667,0.07486682347845304
1901,79.20833333333333,0.07392714362249145
1902,79.25,0.07298772157657722
1903,79.29166666666667,0.07204867374618229
1904,79.33333333333333,0.07111012663679514
1905,79.375,0.07017221125312147
1906,79.41666666666667,0.06923507274382128
1907,79.45833333333333,0.06829886259387988
1908,79.5,0.06736374064305989
1909,79.54166666666667,0.06642988132202367
1910,79.58333333333333,0.06549747397615154
1911,79.625,0.06456672489833468
1912,79.66666666666667,0.06363785247117704
1913,79.70833333333333,0.06271110171650521
1914,79.75,0.06178673890669247
1915,79.79166666666667,0.06086505880099444
1916,79.83333333333333,0.059946389928970036
1917,79.875,0.059031112038052856
1918,79.91666666666667,0.05811965551000663
1919,79.95833333333333,0.05721253348988358
1920,80.0,0.05631039570736801
1921,80.04166666666667,0.05541420145669818
1922,80.08333333333333,0.05452525352013715
1923,80.125,0.053644037094021
1924,80.16666666666667,0.052770081936279314
1925,80.20833333333333,0.05190356037679117
1926,80.25,0.05104492540791293
1927,80.29166666666667,0.05019516757660579
1928,80.33333333333333,0.04935485362043875
1929,80.375,0.048523528820046
1930,80.41666666666667,0.04770130764163536
1931,80.45833333333333,0.04688851566410649
1932,80.5,0.04608567369958475
1933,80.54166666666667,0.04529366646461334
1934,80.58333333333333,0.044512469488474364
1935,80.625,0.04374209040483618
1936,80.66666666666667,0.04298280186894069
1937,80.70833333333333,0.04223497552233119
1938,80.75,0.04149905929566436
1939,80.79166666666667,0.04077555151437874
1940,80.83333333333333,0.040065004862179336
1941,80.875,0.039368018473154305
1942,80.91666666666667,0.038685244861010916
1943,80.95833333333333,0.03801739290953314
1944,81.0,0.03736523407718595
1945,81.04166666666667,0.036729617827076684
1946,81.08333333333333,0.03611154271291303
1947,81.125,0.035512046058060964
1948,81.16666666666667,0.03493219489246067
1949,81.20833333333333,0.034373030107751716
1950,81.25,0.03383561220475579
1951,81.29166666666667,0.033321093490893676
1952,81.33333333333333,0.03283112839477936
1953,81.375,0.03236792044136034
1954,81.41666666666667,0.03193466319970045
1955,81.45833333333333,0.03153594841269622
1956,81.5,0.031176314779336453
1957,81.54166666666667,0.030858155861322272
1958,81.58333333333333,0.03058150045413447
1959,81.625,0.030345446405409926
1960,81.66666666666667,0.03015224832604579
1961,81.70833333333333,0.030002895536700724
1962,81.75,0.029897532586983976
1963,81.79166666666667,0.02983704124925642
1964,81.83333333333333,0.02982040541937262
1965,81.875,0.02984754240206896
1966,81.91666666666667,0.029913957365509086
1967,81.95833333333333,0.030015228361355357
1968,82.0,0.030147781597856537
1969,82.04166666666667,0.03030874213976389
1970,82.08333333333333,0.030495866081761424
1971,82.125,0.030707433516133507
1972,82.16666666666667,0.030942149005418675
1973,82.20833333333333,0.031199048494541918
1974,82.25,0.03147740060277044
1975,82.29166666666667,0.03177664781311629
1976,82.33333333333333,0.03209636868895608
1977,82.375,0.032436274174227224
1978,82.41666666666667,0.032796248119596576
1979,82.45833333333333,0.03317643367203604
1980,82.5,0.03357720717604131
1981,82.54166666666667,0.033998184702223815
1982,82.58333333333333,0.03443955282485402
1983,82.625,0.03490085846999177
1984,82.66666666666667,0.035379926322323355
1985,82.70833333333333,0.03587581552314217
1986,82.75,0.03638781864109937
1987,82.79166666666667,0.036915606394330704
1988,82.83333333333333,0.03745950924886265
1989,82.875,0.038019195124534756
1990,82.91666666666667,0.03859308442505489
1991,82.95833333333333,0.039180338475666314
1992,83.0,0.03978035864195756
1993,83.04166666666667,0.04039266014632802
1994,83.08333333333333,0.04101684582832597
1995,83.125,0.0416525791506973
1996,83.16666666666667,0.04229957680134186
1997,83.20833333333333,0.042957604600647153
1998,83.25,0.043626476894521315
1999,83.29166666666667,0.044306063496644454
2000,83.33333333333333,0.04499631162908304
2001,83.375,0.04569730044697182
2002,83.41666666666667,0.046409580806997495
2003,83.45833333333333,0.04713275105568565
2004,83.5,0.047865981168571374
2005,83.54166666666667,0.04860892870277614
2006,83.58333333333333,0.04936144906270921
2007,83.625,0.05012370777407534
2008,83.66666666666667,0.05089587737059257
2009,83.70833333333333,0.05167722001233836
2010,83.75,0.05246743662141561
2011,83.79166666666667,0.053266475346260986
2012,83.83333333333333,0.05407457444829273
2013,83.875,0.054892742633144594
2014,83.91666666666667,0.05572049785949588
2015,83.95833333333333,0.05655697026431327
2016,84.0,0.057401038066331955
2017,84.04166666666667,0.05825198394574809
2018,84.08333333333333,0.05910927101002951
2019,84.125,0.05997246466041528
2020,84.16666666666667,0.06084119351780946
2021,84.20833333333333,0.06171514334690255
2022,84.25,0.06259405133243579
2023,84.29166666666667,0.0634776964628859
2024,84.33333333333333,0.06436591001874513
2025,84.375,0.06525857547314616
2026,84.41666666666667,0.06615566937030341
2027,84.45833333333333,0.06705733199321297
2028,84.5,0.0679642292641002
2029,84.54166666666667,0.068875574351656
2030,84.58333333333333,0.0697906053090671
2031,84.625,0.07070908481026854
2032,84.66666666666667,0.07163057247821694
2033,84.70833333333333,0.07255453551283929
2034,84.75,0.07348061602862561
2035,84.79166666666667,0.07440851919433623
2036,84.83333333333333,0.07533798867842151
2037,84.875,0.07626880093533617
2038,84.91666666666667,0.0772007502394064
2039,84.95833333333333,0.07813365018282248
2040,85.0,0.07906732804554509
2041,85.04166666666667,0.08000163033178327
2042,85.08333333333333,0.08093640720653662
2043,85.125,0.08187152695097055
2044,85.16666666666667,0.08280685495205584
2045,85.20833333333333,0.08374227639348936
2046,85.25,0.0846776745132786
2047,85.29166666666667,0.08561294453611325
2048,85.33333333333333,0.08654798065399333
2049,85.375,0.08748269248566626
2050,85.41666666666667,0.08841698639038402
2051,85.45833333333333,0.08935077130930638
2052,85.5,0.09028396739037137
2053,85.54166666666667,0.09121649497591579
2054,85.58333333333333,0.09214827516852907
2055,85.625,0.09307923456369646
2056,85.66666666666667,0.09400930374682982
2057,85.70833333333333,0.09493841476591182
2058,85.75,0.09586650311794388
2059,85.79166666666667,0.0967935021623646
2060,85.83333333333333,0.0977193552833536
2061,85.875,0.0986440010403639
2062,85.91666666666667,0.09956738092506807
2063,85.95833333333333,0.10048944168899052
2064,86.0,0.10141012818269345
2065,86.04166666666667,0.10232938798072348
2066,86.08333333333333,0.10324717119135754
2067,86.125,0.10416342702909635
2068,86.16666666666667,0.1050781094366181
2069,86.20833333333333,0.10599116999914651
2070,86.25,0.10690256394844103
2071,86.29166666666667,0.10781224262524663
2072,86.33333333333333,0.10872016569809108
2073,86.375,0.10962628892395584
2074,86.41666666666667,0.1105305724994007
2075,86.45833333333333,0.11143297870916931
2076,86.5,0.11233346129125371
2077,86.54166666666667,0.11323198423557725
2078,86.58333333333333,0.114128508478408
2079,86.625,0.11502299563915734
2080,86.66666666666667,0.11591541087222572
2081,86.70833333333333,0.11680571585293972
2082,86.75,0.11769387561709972
2083,86.79166666666667,0.11857985223878899
2084,86.83333333333333,0.11946361378890896
2085,86.875,0.12034512721615499
2086,86.91666666666667,0.12122435925269358
2087,86.95833333333333,0.12210127529598806
2088,87.0,0.12297584235239449
2089,87.04166666666667,0.12384803086808348
2090,87.08333333333333,0.12471780677745034
2091,87.125,0.12558514134307705
2092,87.16666666666667,0.1264500032897062
2093,87.20833333333333,0.127312361710987
2094,87.25,0.12817218609586967
2095,87.29166666666667,0.12902944728619234
2096,87.33333333333333,0.12988411829288665
2097,87.375,0.1307361678130979
2098,87.41666666666667,0.1315855685432556
2099,87.45833333333333,0.1324322905555447
2100,87.5,0.13327630974548335
2101,87.54166666666667,0.1341175955183766
2102,87.58333333333333,0.13495612321994802
2103,87.625,0.13579186629492312
2104,87.66666666666667,0.13662479626244742
2105,87.70833333333333,0.13745488754185703
2106,87.75,0.13828211608902802
2107,87.79166666666667,0.13910645441406727
2108,87.83333333333333,0.13992787591111222
2109,87.875,0.14074635895693666
2110,87.91666666666667,0.141561874593201
2111,87.95833333333333,0.14237440192219436
2112,88.0,0.1431839149509
2113,88.04166666666667,0.14399038685259125
2114,88.08333333333333,0.1447937960379013
2115,88.125,0.14559411890745838
2116,88.16666666666667,0.1463913326818094
2117,88.20833333333333,0.14718541473557495
2118,88.25,0.14797633783077024
2119,88.29166666666667,0.1487640832305794
2120,88.33333333333333,0.14954862589636742
2121,88.375,0.1503299462927522
2122,88.41666666666667,0.15110802163178827
2123,88.45833333333333,0.1518828277694583
2124,88.5,0.15265434035665848
2125,88.54166666666667,0.15342254242979764
2126,88.58333333333333,0.15418741040190648
2127,88.625,0.15494892446632136
2128,88.66666666666667,0.1557070628664518
2129,88.70833333333333,0.1564618012317121
2130,88.75,0.15721312338124735
2131,88.79166666666667,0.1579610084170466
2132,88.83333333333333,0.15870543437917936
2133,88.875,0.15944638233150737
2134,88.91666666666667,0.1601838306750638
2135,88.95833333333333,0.16091775902156896
2136,89.0,0.16164814889557724
2137,89.04166666666667,0.16237497904424256
2138,89.08333333333333,0.163098232746054
2139,89.125,0.1638178886655671
2140,89.16666666666667,0.16453392801061856
2141,89.20833333333333,0.1652463312686397
2142,89.25,0.16595508184682992
2143,89.29166666666667,0.16666015931332093
2144,89.33333333333333,0.1673615438095201
2145,89.375,0.16805921914878594
2146,89.41666666666667,0.16875316595069778
2147,89.45833333333333,0.16944336797675635
2148,89.5,0.17012980776592726
2149,89.54166666666667,0.17081246565213093
2150,89.58333333333333,0.17149132300570072
2151,89.625,0.17216636450244513
2152,89.66666666666667,0.17283757063340974
2153,89.70833333333333,0.17350492687456986
2154,89.75,0.17416841336459318
2155,89.79166666666667,0.17482801460412678
2156,89.83333333333333,0.1754837154277185
2157,89.875,0.17613549685875599
2158,89.91666666666667,0.17678334167454868
2159,89.95833333333333,0.1774272364276343
2160,90.0,0.17806716275142648
2161,90.04166666666667,0.17870310569570813
2162,90.08333333333333,0.17933504944976106
2163,90.125,0.1799629774396548
2164,90.16666666666667,0.18058687630087022
2165,90.20833333333333,0.1812067260368566
2166,90.25,0.1818225136685207
2167,90.29166666666667,0.18243422513652516
2168,90.33333333333333,0.18304184180147842
2169,90.375,0.18364535226240664
2170,90.41666666666667,0.18424473931406907
2171,90.45833333333333,0.1848399881421577
2172,90.5,0.18543108639021114
2173,90.54166666666667,0.18601801711320126
2174,90.58333333333333,0.18660076722345656
2175,90.625,0.1871793232873068
2176,90.66666666666667,0.1877536713869386
2177,90.70833333333333,0.18832379606856794
2178,90.75,0.18888968327118746
2179,90.79166666666667,0.189451320386795
2180,90.83333333333333,0.19000869358097508
2181,90.875,0.19056178911646013
2182,90.91666666666667,0.19111059344123862
2183,90.95833333333333,0.1916550929766179
2184,91.0,0.1921952755541318
2185,91.04166666666667,0.1927311279382621
2186,91.08333333333333,0.19326263693905832
2187,91.125,0.19378979180331166
2188,91.16666666666667,0.19431257851485545
2189,91.20833333333333,0.19483098418933237
2190,91.25,0.19534499605299885
2191,91.29166666666667,0.19585460138984118
2192,91.33333333333333,0.19635979135503973
2193,91.375,0.19686055113287887
2194,91.41666666666667,0.1973568706645574
2195,91.45833333333333,0.19784873641718548
2196,91.5,0.1983361400586623
2197,91.54166666666667,0.19881906480657655
2198,91.58333333333333,0.19929750448043274
2199,91.625,0.19977144641994438
2200,91.66666666666667,0.20024087528057152
2201,91.70833333333333,0.20070578517452656
2202,91.75,0.20116616237124638
2203,91.79166666666667,0.20162200037519512
2204,91.83333333333333,0.20207328318973852
2205,91.875,0.20252000288450797
2206,91.91666666666667,0.20296214859078374
2207,91.95833333333333,0.2033997118055516
2208,92.0,0.20383268043864725
2209,92.04166666666667,0.20426104371453738
2210,92.08333333333333,0.20468479340859422
2211,92.125,0.20510392142752007
2212,92.16666666666667,0.2055184136438409
2213,92.20833333333333,0.20592826582942647
2214,92.25,0.20633346286043444
2215,92.29166666666667,0.20673400071811796
2216,92.33333333333333,0.20712986570687406
2217,92.375,0.2075210528034132
2218,92.41666666666667,0.2079075521738794
2219,92.45833333333333,0.20828935041838345
2220,92.5,0.20866644407014867
2221,92.54166666666667,0.2090388223799601
2222,92.58333333333333,0.20940647626544415
2223,92.625,0.20976940010721115
2224,92.66666666666667,0.2101275844026255
2225,92.70833333333333,0.21048101704780928
2226,92.75,0.21082969611466226
2227,92.79166666666667,0.21117361143930258
2228,92.83333333333333,0.21151275520034166
2229,92.875,0.21184711944171863
2230,92.91666666666667,0.2121766951402564
2231,92.95833333333333,0.21250147711875694
2232,93.0,0.2128214587764156
2233,93.04166666666667,0.21313663345294398
2234,93.08333333333333,0.21344698929459607
2235,93.125,0.21375252319927285
2236,93.16666666666667,0.21405322722515355
2237,93.20833333333333,0.21434909560928825
2238,93.25,0.21464011978252995
2239,93.29166666666667,0.21492629554274587
2240,93.33333333333333,0.21520761405778635
2241,93.375,0.21548407046953405
2242,93.41666666666667,0.21575565821517922
2243,93.45833333333333,0.21602237432084825
2244,93.5,0.21628420797235673
2245,93.54166666666667,0.21654115642812452
2246,93.58333333333333,0.2167932124402812
2247,93.625,0.2170403708279238
2248,93.66666666666667,0.2172826266208999
2249,93.70833333333333,0.21751997583940041
2250,93.75,0.21775241067687845
2251,93.79166666666667,0.21797992907130403
2252,93.83333333333333,0.21820252278575558
2253,93.875,0.21842019030036447
2254,93.91666666666667,0.2186329221990176
2255,93.95833333333333,0.21884071569698332
2256,94.0,0.21904356879653958
2257,94.04166666666667,0.21924147319740753
2258,94.08333333333333,0.21943442626324372
2259,94.125,0.21962242512553512
2260,94.16666666666667,0.2198054638510016
2261,94.20833333333333,0.21998354069292847
2262,94.25,0.2201566499586582
2263,94.29166666666667,0.22032478974693398
2264,94.33333333333333,0.22048795442768052
2265,94.375,0.22064614231444338
2266,94.41666666666667,0.22079934724188596
2267,94.45833333333333,0.22094756853988895
2268,94.5,0.2210908002476554
2269,94.54166666666667,0.22122904243275848
2270,94.58333333333333,0.22136229081272418
2271,94.625,0.22149054192897752
2272,94.66666666666667,0.2216137935466795
2273,94.70833333333333,0.22173204480316247
2274,94.75,0.22184528993599825
2275,94.79166666666667,0.22195352779910146
2276,94.83333333333333,0.22205675663503127
2277,94.875,0.22215497598512207
2278,94.91666666666667,0.22224818016329487
2279,94.95833333333333,0.2223363670219591
2280,95.0,0.22241953713874546
2281,95.04166666666667,0.22249768823755448
2282,95.08333333333333,0.2225708195804161
2283,95.125,0.2226389269076719
2284,95.16666666666667,0.2227020115720981
2285,95.20833333333333,0.22276007181542493
2286,95.25,0.2228131077017976
2287,95.29166666666667,0.2228611170083434
2288,95.33333333333333,0.22290409732829153
2289,95.375,0.22294204936899653
2290,95.41666666666667,0.22297496938264458
2291,95.45833333333333,0.2230028600238375
2292,95.5,0.2230257222540192
2293,95.54166666666667,0.2230435516534375
2294,95.58333333333333,0.22305635211101563
2295,95.625,0.22306412031839062
2296,95.66666666666667,0.22306685706188006
2297,95.70833333333333,0.22306456173363073
2298,95.75,0.2230572380244564
2299,95.79166666666667,0.22304488308346784
2300,95.83333333333333,0.22302749603022337
2301,95.875,0.22300507885725496
2302,95.91666666666667,0.22297763392408826
2303,95.95833333333333,0.22294516047224577
2304,96.0,0.22290765827170494
2305,96.04166666666667,0.22286512972064795
2306,96.08333333333333,0.2228175730234277
2307,96.125,0.22276499454452453
2308,96.16666666666667,0.22270739340888215
2309,96.20833333333333,0.22264476972710565
2310,96.25,0.22257712611115385
2311,96.29166666666667,0.22250446343301739
2312,96.33333333333333,0.2224267872491452
2313,96.375,0.22234409428149204
2314,96.41666666666667,0.22225638765882536
2315,96.45833333333333,0.22216367080299737
2316,96.5,0.2220659455737233
2317,96.54166666666667,0.22196321338063224
2318,96.58333333333333,0.22185547737915096
2319,96.625,0.22174273983250775
2320,96.66666666666667,0.2216250025141743
2321,96.70833333333333,0.2215022694648581
2322,96.75,0.22137454547323818
2323,96.79166666666667,0.22124183270039346
2324,96.83333333333333,0.22110413120203495
2325,96.875,0.22096144401797455
2326,96.91666666666667,0.22081377733409757
2327,96.95833333333333,0.22066113228237905
2328,97.0,0.22050351383309338
2329,97.04166666666667,0.22034092684810577
2330,97.08333333333333,0.22017337075982416
2331,97.125,0.22000085502806557
2332,97.16666666666667,0.21982337871418925
2333,97.20833333333333,0.21964095014372695
2334,97.25,0.21945357199407026
2335,97.29166666666667,0.2192612470902116
2336,97.33333333333333,0.21906398074881103
2337,97.375,0.21886177959592382
2338,97.41666666666667,0.2186546452054437
2339,97.45833333333333,0.21844258469783753
2340,97.5,0.21822560238725877
2341,97.54166666666667,0.2180037019464301
2342,97.58333333333333,0.21777688863697947
2343,97.625,0.21754517034321866
2344,97.66666666666667,0.2173085488104429
2345,97.70833333333333,0.2170670312407474
2346,97.75,0.21682062344845443
2347,97.79166666666667,0.2165693279995862
2348,97.83333333333333,0.2163131569753428
2349,97.875,0.21605210981076695
2350,97.91666666666667,0.21578619706473626
2351,97.95833333333333,0.21551542354887993
2352,98.0,0.21523979405410834
2353,98.04166666666667,0.21495931593776557
2354,98.08333333333333,0.21467399837714024
2355,98.125,0.21438384344968103
2356,98.16666666666667,0.2140888593129303
2357,98.20833333333333,0.21378905510696863
2358,98.25,0.21348443508463405
2359,98.29166666666667,0.21317500628809324
2360,98.33333333333333,0.21286077555888405
2361,98.375,0.21254175171471199
2362,98.41666666666667,0.21221794031126667
2363,98.45833333333333,0.2118893517599711
2364,98.5,0.21155599342565634
2365,98.54166666666667,0.21121787097736544
2366,98.58333333333333,0.2108749917319506
2367,98.625,0.21052736665908384
2368,98.66666666666667,0.2101750036269698
2369,98.70833333333333,0.2098179082348969
2370,98.75,0.20945608734257462
2371,98.79166666666667,0.20908955311031535
2372,98.83333333333333,0.20871831236287672
2373,98.875,0.2083423760257327
2374,98.91666666666667,0.20796174974051584
2375,98.95833333333333,0.20757644303931644
2376,99.0,0.20718646427477255
2377,99.04166666666667,0.20679182630275583
2378,99.08333333333333,0.2063925346292496
2379,99.125,0.20598859925225488
2380,99.16666666666667,0.20558002975959536
2381,99.20833333333333,0.20516683946143066
2382,99.25,0.20474903137088027
2383,99.29166666666667,0.2043266182836229
2384,99.33333333333333,0.20389961103342702
2385,99.375,0.20346802044963438
2386,99.41666666666667,0.2030318531052654
2387,99.45833333333333,0.20259112302515808
2388,99.5,0.20214583702984207
2389,99.54166666666667,0.20169600911401278
2390,99.58333333333333,0.20124164747009346
2391,99.625,0.20078276291567196
2392,99.66666666666667,0.20031936733365202
2393,99.70833333333333,0.19985147180919424
2394,99.75,0.19937908395549356
2395,99.79166666666667,0.19890221859629198
2396,99.83333333333333,0.19842088558928897
2397,99.875,0.1979350981544075
2398,99.91666666666667,0.19744486643090947
2399,99.95833333333333,0.1969502032474437
2400,100.0,0.19645111603789936
2401,100.04166666666667,0.19594762241771516
2402,100.08333333333333,0.1954397326331071
2403,100.125,0.19492745750675908
2404,100.16666666666667,0.1944108095666976
2405,100.20833333333333,0.193889802395902
2406,100.25,0.19336444777445513
2407,100.29166666666667,0.1928347570805398
2408,100.33333333333333,0.1923007432800982
2409,100.375,0.19176242058155415
2410,100.41666666666667,0.19121980133793498
2411,100.45833333333333,0.19067289832325823
2412,100.5,0.19012172415522186
2413,100.54166666666667,0.18956629159657248
2414,100.58333333333333,0.1890066163754444
2415,100.625,0.18844271008698155
2416,100.66666666666667,0.18787458928304115
2417,100.70833333333333,0.18730226424017146
2418,100.75,0.18672574915528858
2419,100.79166666666667,0.18614506008544546
2420,100.83333333333333,0.18556021021142144
2421,100.875,0.18497121546993353
2422,100.91666666666667,0.18437808809925246
2423,100.95833333333333,0.18378084333097686
2424,101.0,0.1831794962810136
2425,101.04166666666667,0.18257406083908614
2426,101.08333333333333,0.18196454897630066
2427,101.125,0.18135098068545694
2428,101.16666666666667,0.18073337192999447
2429,101.20833333333333,0.18011173270684136
2430,101.25,0.17948607941949946
2431,101.29166666666667,0.17885642871928342
2432,101.33333333333333,0.17822279477682795
2433,101.375,0.17758519837089423
2434,101.41666666666667,0.17694365260695577
2435,101.45833333333333,0.17629817142421708
2436,101.5,0.17564877027799625
2437,101.54166666666667,0.17499546912731814
2438,101.58333333333333,0.1743382837367488
2439,101.625,0.17367722857274678
2440,101.66666666666667,0.17301231761803454
2441,101.70833333333333,0.17234357206640677
2442,101.75,0.17167100825709192
2443,101.79166666666667,0.17099464208511445
2444,101.83333333333333,0.1703144887024022
2445,101.875,0.16963056989757178
2446,101.91666666666667,0.16894290261515618
2447,101.95833333333333,0.16825150185846208
2448,102.0,0.16755638431904268
2449,102.04166666666667,0.16685757138007734
2450,102.08333333333333,0.166155075081837
2451,102.125,0.16544891808631784
2452,102.16666666666667,0.1647391204528934
2453,102.20833333333333,0.16402569817362697
2454,102.25,0.16330866716030204
2455,102.29166666666667,0.16258805021690317
2456,102.33333333333333,0.16186386421921675
2457,102.375,0.1611361278102957
2458,102.41666666666667,0.1604048593488268
2459,102.45833333333333,0.1596700761650684
2460,102.5,0.15893180188580297
2461,102.54166666666667,0.1581900508845554
2462,102.58333333333333,0.1574448475614831
2463,102.625,0.15669620984530244
2464,102.66666666666667,0.1559441571476756
2465,102.70833333333333,0.15518870906667068
2466,102.75,0.1544298865630087
2467,102.79166666666667,0.15366771188128545
2468,102.83333333333333,0.15290220285547848
2469,102.875,0.15213337900014268
2470,102.91666666666667,0.1513612623135439
2471,102.95833333333333,0.15058587447979646
2472,103.0,0.14980723671252527
2473,103.04166666666667,0.14902537039011873
2474,103.08333333333333,0.14824029502662983
2475,103.125,0.1474520341878802
2476,103.16666666666667,0.14666060985461735
2477,103.20833333333333,0.14586604027497452
2478,103.25,0.14506834962701726
2479,103.29166666666667,0.14426756045458022
2480,103.33333333333333,0.14346369599441047
2481,103.375,0.1426567786979958
2482,103.41666666666667,0.14184682950178013
2483,103.45833333333333,0.14103387175688423
2484,103.5,0.1402179336959902
2485,103.54166666666667,0.13939903245175198
2486,103.58333333333333,0.13857719203961547
2487,103.625,0.13775243935219655
2488,103.66666666666667,0.1369247961027653
2489,103.70833333333333,0.13609428700748075
2490,103.75,0.13526093502417047
2491,103.79166666666667,0.1344247700338505
2492,103.83333333333333,0.13358581072972633
2493,103.875,0.1327440868052686
2494,103.91666666666667,0.13189962022318857
2495,103.95833333333333,0.13105243525181715
2496,104.0,0.13020256038237485
2497,104.04166666666667,0.12935002231514142
2498,104.08333333333333,0.12849484821016735
2499,104.125,0.127637061406456
2500,104.16666666666667,0.12677668884814366
2501,104.20833333333333,0.12591375937138255
2502,104.25,0.1250482984097722
2503,104.29166666666667,0.12418033732433839
2504,104.33333333333333,0.12330990051713794
2505,104.375,0.12243701727532584
2506,104.41666666666667,0.1215617198889596
2507,104.45833333333333,0.1206840309952664
2508,104.5,0.11980398189939406
2509,104.54166666666667,0.11892160533723584
2510,104.58333333333333,0.11803693052064111
2511,104.625,0.11714998445934978
2512,104.66666666666667,0.11626079917036275
2513,104.70833333333333,0.11536940727922078
2514,104.75,0.11447584169580281
2515,104.79166666666667,0.11358013210793645
2516,104.83333333333333,0.11268231235607322
2517,104.875,0.11178241431324229
2518,104.91666666666667,0.11088047348924572
2519,104.95833333333333,0.10997652499972087
2520,105.0,0.1090706009643186
2521,105.04166666666667,0.1081627333282317
2522,105.08333333333333,0.1072529643124328
2523,105.125,0.10634132540928543
2524,105.16666666666667,0.10542785690420751
2525,105.20833333333333,0.10451259665498813
2526,105.25,0.10359558077312817
2527,105.29166666666667,0.10267684724969928
2528,105.33333333333333,0.1017564379676811
2529,105.375,0.10083439348271325
2530,105.41666666666667,0.09991075539578995
2531,105.45833333333333,0.09898556553411646
2532,105.5,0.09805887180526514
2533,105.54166666666667,0.09713071375264425
2534,105.58333333333333,0.09620113667538033
2535,105.625,0.09527018735733346
2536,105.66666666666667,0.09433791463939736
2537,105.70833333333333,0.09340436654973924
2538,105.75,0.09246959403902649
2539,105.79166666666667,0.09153364831431877
2540,105.83333333333333,0.0905965831703596
2541,105.875,0.08965844893627764
2542,105.91666666666667,0.08871930648575548
2543,105.95833333333333,0.08777920908708334
2544,106.0,0.08683822023558346
2545,106.04166666666667,0.08589639719933076
2546,106.08333333333333,0.08495380611150083
2547,106.125,0.08401051351454897
2548,106.16666666666667,0.08306658547535216
2549,106.20833333333333,0.08212209360489417
2550,106.25,0.08117711192839819
2551,106.29166666666667,0.08023171283443871
2552,106.33333333333333,0.07928597778360717
2553,106.375,0.07833998832055597
2554,106.41666666666667,0.07739383334761438
2555,106.45833333333333,0.07644759842537188
2556,106.5,0.07550137710353844
2557,106.54166666666667,0.07455526955683277
2558,106.58333333333333,0.07360937766582522
2559,106.625,0.07266380699977937
2560,106.66666666666667,0.07171867718565356
2561,106.70833333333333,0.07077410137709181
2562,106.75,0.06983020993046153
2563,106.79166666666667,0.06888713392428766
2564,106.83333333333333,0.06794501704026022
2565,106.875,0.06700400618591314
2566,106.91666666666667,0.06606426511458133
2567,106.95833333333333,0.06512595834657925
2568,107.0,0.06418927460795326
2569,107.04166666666667,0.06325440485363457
2570,107.08333333333333,0.06232156153279852
2571,107.125,0.06139096956878912
2572,107.16666666666667,0.06046287642433966
2573,107.20833333333333,0.05953755113098623
2574,107.25,0.058615283339136896
2575,107.29166666666667,0.057696397977687844
2576,107.33333333333333,0.05678125212209983
2577,107.375,0.055870244969525085
2578,107.41666666666667,0.054963830747536656
2579,107.45833333333333,0.05406253636960962
2580,107.5,0.05316698089099538
2581,107.54166666666667,0.052277979231952654
2582,107.58333333333333,0.05139691664909488
2583,107.625,0.050524605587059776
2584,107.66666666666667,0.04966070077047061
2585,107.70833333333333,0.048805442734418225
2586,107.75,0.047959268252183385
2587,107.79166666666667,0.04712274159157982
2588,107.83333333333333,0.04629653262232673
2589,107.875,0.045481442863983736
2590,107.91666666666667,0.04467843150081592
2591,107.95833333333333,0.04388873801369273
2592,108.0,0.04311422700989827
2593,108.04166666666667,0.04235872297732202
2594,108.08333333333333,0.04162228440579423
2595,108.125,0.040904373115040915
2596,108.16666666666667,0.04020536390404351
2597,108.20833333333333,0.03952603215955777
2598,108.25,0.03886751551154397
2599,108.29166666666667,0.03823118095005181
2600,108.33333333333333,0.037616181913992214
2601,108.375,0.0370225575471076
2602,108.41666666666667,0.036450827141820165
2603,108.45833333333333,0.03590179424924235
2604,108.5,0.03537652609529733
2605,108.54166666666667,0.03487638598519439
2606,108.58333333333333,0.03440318195764753
2607,108.625,0.0339593993888793
2608,108.66666666666667,0.03354766302210803
2609,108.70833333333333,0.03317154733694339
2610,108.75,0.03283409877053943
2611,108.79166666666667,0.03253424824734637
2612,108.83333333333333,0.03227094550717585
2613,108.875,0.03204559078001443
2614,108.91666666666667,0.03185898453381686
2615,108.95833333333333,0.03170911045573404
2616,109.0,0.03159639308879609
2617,109.04166666666667,0.03152065810065403
2618,109.08333333333333,0.03148054949810569
2619,109.125,0.0314748111997625
2620,109.16666666666667,0.03150283995021564
2621,109.20833333333333,0.03156442984268091
2622,109.25,0.03165980583029588
2623,109.29166666666667,0.03178869943000598
2624,109.33333333333333,0.0319501085795527
2625,109.375,0.03214115359210396
2626,109.41666666666667,0.032358860599992906
2627,109.45833333333333,0.032601397773569976
2628,109.5,0.03286740492554002
2629,109.54166666666667,0.03315581769197331
2630,109.58333333333333,0.033465854408974385
2631,109.625,0.03379719420393491
2632,109.66666666666667,0.03414940180030796
2633,109.70833333333333,0.03452134299569837
2634,109.75,0.03491206371552704
2635,109.79166666666667,0.035320749390687904
2636,109.83333333333333,0.0357467928812274
2637,109.875,0.03618993600123624
2638,109.91666666666667,0.03665083931197384
2639,109.95833333333333,0.03712788201177515
2640,110.0,0.03761936909804274
2641,110.04166666666667,0.038124353976720135
2642,110.08333333333333,0.03864215032143743
2643,110.125,0.03917221681430242
2644,110.16666666666667,0.03971411711324123
2645,110.20833333333333,0.04026750052146357
2646,110.25,0.04083207918436317
2647,110.29166666666667,0.041407608004620844
2648,110.33333333333333,0.041993896739052225
2649,110.375,0.04259079884710937
2650,110.41666666666667,0.04319820523955909
2651,110.45833333333333,0.04381605965626747
2652,110.5,0.04444435014606074
2653,110.54166666666667,0.045083146436437925
2654,110.58333333333333,0.0457326262412222
2655,110.625,0.046393230111079785
2656,110.66666666666667,0.04706601300556473
2657,110.70833333333333,0.04775024180453102
2658,110.75,0.04844523400145443
2659,110.79166666666667,0.04915042344704218
2660,110.83333333333333,0.04986557310755994
2661,110.875,0.05059101151360501
2662,110.91666666666667,0.05132596474233048
2663,110.95833333333333,0.052069583470213586
2664,111.0,0.05282137600633393
2665,111.04166666666667,0.05358096822082828
2666,111.08333333333333,0.054348060224403485
2667,111.125,0.05512240519874993
2668,111.16666666666667,0.05590380387149865
2669,111.20833333333333,0.05669210222624164
2670,111.25,0.057487189119890945
2671,111.29166666666667,0.05828902210219717
2672,111.33333333333333,0.05909766202782917
2673,111.375,0.059913471957168965
2674,111.41666666666667,0.06073672125092145
2675,111.45833333333333,0.06156663671818376
2676,111.5,0.06240318099063284
2677,111.54166666666667,0.06324580155727165
2678,111.58333333333333,0.06409377130084125
2679,111.625,0.0649466567556493
2680,111.66666666666667,0.06580412607380666
2681,111.70833333333333,0.06666590981950803
2682,111.75,0.06753177605423524
2683,111.79166666666667,0.06840153520541103
2684,111.83333333333333,0.06927503135260132
2685,111.875,0.07015213627031804
2686,111.91666666666667,0.07103275522916622
2687,111.95833333333333,0.07191682700928005
2688,112.0,0.07280434077119699
2689,112.04166666666667,0.07369535282213213
2690,112.08333333333333,0.07459005100499175
2691,112.125,0.0754890514605574
2692,112.16666666666667,0.07639280770354295
2693,112.20833333333333,0.07730005261732777
2694,112.25,0.07821003989383783
2695,112.29166666666667,0.07912229751082557
2696,112.33333333333333,0.08003646316057932
2697,112.375,0.08095223461542962
2698,112.41666666666667,0.08186935934153922
2699,112.45833333333333,0.08278760762076698
2700,112.5,0.0837067761866936
2701,112.54166666666667,0.08462668274848131
2702,112.58333333333333,0.08554715699659753
2703,112.625,0.08646804685887599
2704,112.66666666666667,0.08738920508318389
2705,112.70833333333333,0.08831050166215097
2706,112.75,0.08923180893196142
2707,112.79166666666667,0.09015301110674702
2708,112.83333333333333,0.09107399889356912
2709,112.875,0.09199467034433206
2710,112.91666666666667,0.09291492175089627
2711,112.95833333333333,0.0938346657448845
2712,113.0,0.09475380915848355
2713,113.04166666666667,0.09567227079710741
2714,113.08333333333333,0.09658996535696285
2715,113.125,0.09750682011396385
2716,113.16666666666667,0.09842275797592576
2717,113.20833333333333,0.09933770978756787
2718,113.25,0.10025160664591037
2719,113.29166666666667,0.10116438356066913
2720,113.33333333333333,0.10207597766779564
2721,113.375,0.10298632578836381
2722,113.41666666666667,0.10389536825110422
2723,113.45833333333333,0.10480305095754698
2724,113.5,0.10570931785369876
2725,113.54166666666667,0.10661411313218529
2726,113.58333333333333,0.10751738789730353
2727,113.625,0.10841909068179645
2728,113.66666666666667,0.10931917015598319
2729,113.70833333333333,0.11021758156046542
2730,113.75,0.1111142773336434
2731,113.79166666666667,0.11200921253176892
2732,113.83333333333333,0.11290234181043006
2733,113.875,0.11379362359378331
2734,113.91666666666667,0.11468301333857496
2735,113.95833333333333,0.11557047274708128
2736,114.0,0.11645596160439059
2737,114.04166666666667,0.11733943804412034
2738,114.08333333333333,0.11822086489628915
2739,114.125,0.11910020322626452
2740,114.16666666666667,0.1199774185087814
2741,114.20833333333333,0.12085246920378866
2742,114.25,0.12172532499695131
2743,114.29166666666667,0.12259595060886082
2744,114.33333333333333,0.12346430906259777
2745,114.375,0.12433036911538765
2746,114.41666666666667,0.12519409745987778
2747,114.45833333333333,0.12605546002019927
2748,114.5,0.12691442450366563
2749,114.54166666666667,0.12777096014053108
2750,114.58333333333333,0.12862503720027352
2751,114.625,0.12947662185227207
2752,114.66666666666667,0.13032568500498037
2753,114.70833333333333,0.1311721978191512
2754,114.75,0.1320161321315
2755,114.79166666666667,0.13285745582855696
2756,114.83333333333333,0.13369614140070601
2757,114.875,0.13453216147064018
2758,114.91666666666667,0.13536548497686923
2759,114.95833333333333,0.13619608947045103
2760,115.0,0.13702394716101246
2761,115.04166666666667,0.1378490296603669
2762,115.08333333333333,0.13867131282525177
2763,115.125,0.139490767209658
2764,115.16666666666667,0.14030736462325583
2765,115.20833333333333,0.1411210858479593
2766,115.25,0.141931906172747
2767,115.29166666666667,0.14273979338483972
2768,115.33333333333333,0.14354472735114823
2769,115.375,0.14434668215949342
2770,115.41666666666667,0.14514563548335996
2771,115.45833333333333,0.1459415634629877
2772,115.5,0.14673444013222978
2773,115.54166666666667,0.14752424426724162
2774,115.58333333333333,0.14831095332271593
2775,115.625,0.1490945409978334
2776,115.66666666666667,0.14987498731222845
2777,115.70833333333333,0.15065226923925032
2778,115.75,0.15142636322789085
2779,115.79166666666667,0.15219724968564455
2780,115.83333333333333,0.15296490738773497
2781,115.875,0.1537293101176506
2782,115.91666666666667,0.15449044138186385
2783,115.95833333333333,0.15524827542363673
2784,116.0,0.1560027935920887
2785,116.04166666666667,0.15675397602096486
2786,116.08333333333333,0.1575018013488646
2787,116.125,0.15824624941578375
2788,116.16666666666667,0.15898729829332883
2789,116.20833333333333,0.1597249271051021
2790,116.25,0.16045911671443772
2791,116.29166666666667,0.16118984968593736
2792,116.33333333333333,0.16191710351662236
2793,116.375,0.16264085909223408
2794,116.41666666666667,0.16336110131860548
2795,116.45833333333333,0.1640778047815686
2796,116.5,0.16479095262370969
2797,116.54166666666667,0.16550052836796264
2798,116.58333333333333,0.16620651224768382
2799,116.625,0.16690888656665678
2800,116.66666666666667,0.16760763307524565
2801,116.70833333333333,0.16830273458501058
2802,116.75,0.1689941691168873
2803,116.79166666666667,0.1696819188063431
2804,116.83333333333333,0.17036597004524384
2805,116.875,0.17104630427342138
2806,116.91666666666667,0.17172290250467995
2807,116.95833333333333,0.17239574674244834
2808,117.0,0.17306482378385923
2809,117.04166666666667,0.17373011232211788
2810,117.08333333333333,0.17439159875525395
2811,117.125,0.17504926464731407
2812,117.16666666666667,0.1757030948318601
2813,117.20833333333333,0.17635307276423634
2814,117.25,0.17699918350082228
2815,117.29166666666667,0.17764140821516616
2816,117.33333333333333,0.17827973237151937
2817,117.375,0.1789141406027307
2818,117.41666666666667,0.17954461363632607
2819,117.45833333333333,0.18017114199584974
2820,117.5,0.18079370335532602
2821,117.54166666666667,0.18141228370773757
2822,117.58333333333333,0.18202687313523513
2823,117.625,0.18263745455937755
2824,117.66666666666667,0.1832440125909972
2825,117.70833333333333,0.18384653359006706
2826,117.75,0.18444499838449205
2827,117.79166666666667,0.1850393976035181
2828,117.83333333333333,0.18562971146581558
2829,117.875,0.18621593002264109
2830,117.91666666666667,0.1867980386237836
2831,117.95833333333333,0.187376021792543
2832,118.0,0.18794987070949348
2833,118.04166666666667,0.18851956537937242
2834,118.08333333333333,0.1890850930722089
2835,118.125,0.18964644133599884
2836,118.16666666666667,0.1902035985198225
2837,118.20833333333333,0.1907565506353244
2838,118.25,0.19130528055201731
2839,118.29166666666667,0.1918497794504706
2840,118.33333333333333,0.19239003546589165
2841,118.375,0.1929260348750088
2842,118.41666666666667,0.19345776204960335
2843,118.45833333333333,0.1939852034508811
2844,118.5,0.19450835151737217
2845,118.54166666666667,0.19502719168793323
2846,118.58333333333333,0.1955417125464264
2847,118.625,0.19605190286727533
2848,118.66666666666667,0.19655774955065455
2849,118.70833333333333,0.19705924017633908
2850,118.75,0.19755636373988167
2851,118.79166666666667,0.1980491103330788
2852,118.83333333333333,0.19853746517489468
2853,118.875,0.199021419696944
2854,118.91666666666667,0.19950095970347786
2855,118.95833333333333,0.19997607469074166
2856,119.0,0.20044675634211453
2857,119.04166666666667,0.20091299172371074
2858,119.08333333333333,0.20137477035720341
2859,119.125,0.20183208363154773
2860,119.16666666666667,0.2022849175425314
2861,119.20833333333333,0.20273326462311692
2862,119.25,0.20317711084528792
2863,119.29166666666667,0.2036164464969886
2864,119.33333333333333,0.20405126716376126
2865,119.375,0.20448155943026014
2866,119.41666666666667,0.2049073112194816
2867,119.45833333333333,0.20532851544907837
2868,119.5,0.2057451620041577
2869,119.54166666666667,0.20615724059211335
2870,119.58333333333333,0.20656474295426358
2871,119.625,0.20696765748080587
2872,119.66666666666667,0.20736597830680975
2873,119.70833333333333,0.2077596949293414
2874,119.75,0.2081487951088928
2875,119.79166666666667,0.20853327444378583
2876,119.83333333333333,0.20891312276976948
2877,119.875,0.20928833085275902
2878,119.91666666666667,0.20965889168595
2879,119.95833333333333,0.21002479560115797
2880,120.0,0.21038603488619548
