u_seuil,x_normalise,R_empirique,Utilise_pour_fit,R_weibull,R_logistique,R_gompertz,R_exponentielle_stabilisee
0.9942544181030618,0.0,0.9998858447488584,False,1.0,0.9467152241166991,1.0,1.260690343459127
0.9942774927291539,0.00401606425702074,0.9993150684931507,False,0.9999193102732584,0.9455433128734848,0.9975205603971267,1.250098020999808
0.9943005673552461,0.008032128514060804,0.9988584474885844,False,0.9997010412055948,0.9443471425104677,0.9950188367759217,1.2395946952521724
0.9943236419813382,0.012048192771081543,0.9976027397260274,False,0.9993568875320283,0.9431262780163161,0.9924947013976035,1.2291796184657942
0.9943467166074303,0.016064257028121608,0.996689497716895,False,0.9988926722381399,0.9418802795590936,0.9899480275152341,1.2188520491726476
0.9943697912335224,0.020080321285142345,0.9961187214611872,False,0.998312375709528,0.9406087025732437,0.9873786894259721,1.2086112521347216
0.9943928658596145,0.024096385542163087,0.9952054794520548,False,0.9976190538114352,0.939311097854793,0.9847865625241995,1.1984564982913268
0.9944159404857067,0.02811244979920315,0.9941780821917808,False,0.9968152126692861,0.9379870116652378,0.9821715233558341,1.188387064707345
0.9944390151117988,0.03212851405622389,0.9934931506849315,False,0.995902998996506,0.9366359858443664,0.9795334496737196,1.1784022345219047
0.9944620897378909,0.03614457831324463,0.9920091324200914,False,0.9948843098304635,0.9352575579322849,0.9768722204939816,1.1685012968970558
0.994485164363983,0.04016064257028469,0.9901826484018265,False,0.9937608613861201,0.9338512613010772,0.974187716153589,1.1586835469673116
0.9945082389900751,0.044176706827305436,0.9888127853881279,True,0.9925342349644686,0.9324166252963699,0.9714798183690145,1.1489482857896065
0.9945313136161673,0.0481927710843455,0.9866438356164383,True,0.9912059089971359,0.9309531753890605,0.9687484102958701,1.1392948202932094
0.9945543882422594,0.052208835341366236,0.9855022831050229,True,0.98977728222769,0.9294604333377035,0.9659933765898513,1.1297224632307563
0.9945774628683515,0.05622489959838698,0.9842465753424657,True,0.9882496909668395,0.9279379173616783,0.9632146034686033,1.1202305331289975
0.9946005374944437,0.06024096385542704,0.9825342465753425,True,0.9866244222385292,0.9263851423256375,0.9604119787748436,1.1108183542404244
0.9946236121205357,0.06425702811244778,0.9802511415525114,True,0.9849027239891044,0.9248016199354944,0.9575853920406177,1.1014852564952953
0.9946466867466278,0.06827309236946852,0.9775114155251141,True,0.9830858131428662,0.9231868589462052,0.9547347345525674,1.0922305754536599
0.99466976137272,0.07228915662650859,0.9754566210045662,True,0.9811748820435886,0.9215403653817993,0.9518598994184633,1.0830536522581955
0.9946928359988121,0.07630522088352933,0.9723744292237443,True,0.9791711036630137,0.9198616427679113,0.9489607816348807,1.0739538335874308
0.9947159106249043,0.08032128514056938,0.969634703196347,True,0.9770756358515128,0.9181501923770434,0.9460372781558882,1.0649304716089283
0.9947389852509964,0.08433734939759013,0.9679223744292238,True,0.9748896248339417,0.9164055134870681,0.9430892879630929,1.0559829239335128
0.9947620598770884,0.08835341365461087,0.9651826484018264,True,0.9726142081024115,0.9146271036530201,0.9401167121366316,1.0471105535692349
0.9947851345031806,0.09236947791165093,0.9639269406392694,True,0.9702505168219273,0.9128144589926809,0.9371194539274561,1.0383127288761531
0.9948082091292727,0.09638554216867168,0.9622146118721461,True,0.9677996778381218,0.9109670744861487,0.9340974188307772,1.0295888235214927
0.9948312837553649,0.10040160642571173,0.9592465753424657,True,0.9652628153567738,0.9090844442895797,0.9310505146605192,1.0209382164347602
0.994854358381457,0.10441767068273247,0.9561643835616438,True,0.9626410523505976,0.9071660620635738,0.9279786516251493,1.0123602917638639
0.994877433007549,0.10843373493975321,0.9526255707762558,True,0.9599355117370467,0.9052114213161836,0.9248817424044413,1.0038544388309776
0.9949005076336412,0.11244979919679328,0.9495433789954338,True,0.957147317363,0.9032200157609982,0.9217597022275406,0.9954200520891933
0.9949235822597333,0.11646586345381402,0.9468036529680365,True,0.9542775948251608,0.9011913396904246,0.9186124489521776,0.9870565310795293
0.9949466568858254,0.12048192771083475,0.9445205479452055,True,0.951327472149791,0.8991248883642711,0.9154399031448954,0.9787632803879409
0.9949697315119176,0.12449799196787482,0.9414383561643835,True,0.9482980803516519,0.8970201584139731,0.9122419881625503,0.9705397096030539
0.9949928061380097,0.12851405622489556,0.9393835616438356,True,0.9451905538883932,0.8948766482625357,0.9090186302349528,0.9623852332742499
0.9950158807641019,0.13253012048193563,0.934931506849315,True,0.9420060310239342,0.8926938585602031,0.9057697585484826,0.9542992708697103
0.9950389553901939,0.13654618473895636,0.93162100456621,True,0.9387456541127703,0.8904712926362213,0.9024953053310578,0.9462812467354017
0.995062030016286,0.1405622489959771,0.9284246575342465,True,0.9354105698145658,0.888208456966447,0.8991952059379845,0.9383305900538209
0.9950851046423782,0.14457831325301718,0.9254566210045662,True,0.932001929247777,0.8859048616571149,0.8958693989390657,0.930446734803475
0.9951081792684703,0.1485943775100379,0.9220319634703197,True,0.9285208880893457,0.8835600209446621,0.8925178262068056,0.9226291197186979
0.9951312538945624,0.15261044176705865,0.9179223744292238,True,0.9249686066264966,0.8811734537114932,0.8891404330055513,0.9148771882494656
0.9951543285206546,0.15662650602409872,0.915068493150685,True,0.9213462497662994,0.8787446840178198,0.885737168081845,0.9071903885218893
0.9951774031467466,0.16064257028111945,0.9115296803652968,True,0.9176549870075281,0.8762732416493859,0.8823079837558344,0.8995681732990356
0.9952004777728388,0.16465863453815952,0.9090182648401827,True,0.9138959923787157,0.8737586626808197,0.8788528360135553,0.8920099999417106
0.9952235523989309,0.16867469879518027,0.9057077625570776,True,0.9100704443464347,0.8712004900547292,0.875371684600484,0.8845153303701212
0.995246627025023,0.172690763052201,0.9014840182648401,True,0.9061795256964335,0.8685982741759636,0.8718644931158451,0.8770836310253128
0.9952697016511152,0.17670682730924106,0.8972602739726028,True,0.9022244233908739,0.8659515735210683,0.8683312291080685,0.8697143728312953
0.9952927762772072,0.1807228915662618,0.8931506849315068,True,0.8982063284039891,0.8632599552625047,0.8647718641712123,0.8624070311574816
0.9953158509032994,0.18473895582330185,0.8888127853881278,True,0.8941264355381809,0.8605229959071312,0.8611863740421551,0.8551610857810912
0.9953389255293915,0.1887550200803226,0.884703196347032,True,0.8899859432230304,0.8577402819488544,0.8575747386989626,0.8479760208503957
0.9953620001554836,0.19277108433734336,0.8787671232876713,True,0.8857860532984257,0.8549114105345816,0.8539369424598859,0.8408513248477497
0.9953850747815758,0.1967871485943834,0.8744292237442922,True,0.8815279707839063,0.8520359901432805,0.8502729740833993,0.833786490553281
0.9954081494076679,0.20080321285140415,0.8688356164383562,True,0.877212903635491,0.8491136412774257,0.8465828268690723,0.8267810150088809
0.9954312240337599,0.2048192771084249,0.8639269406392694,True,0.8728420624911223,0.8461439971660646,0.8428664987590909,0.8198343994821943
0.9954542986598521,0.20883534136546494,0.8581050228310503,True,0.8684166604063018,0.8431267044790407,0.8391239924407088,0.8129461494312167
0.9954773732859442,0.2128514056224857,0.8534246575342466,True,0.8639379125808367,0.8400614240514913,0.8353553154494403,0.8061157744691861
0.9955004479120364,0.21686746987952576,0.8471461187214612,True,0.859407036077486,0.8369478316176352,0.831560480272777,0.7993427883294386
0.9955235225381285,0.2208835341365465,0.8418949771689498,True,0.8548252495339677,0.8337856185533243,0.8277395044548416,0.7926267088310545
0.9955465971642206,0.22489959839356724,0.8366438356164384,True,0.8501937728685345,0.8305744926259576,0.8238924107013973,0.7859670578443018
0.9955696717903127,0.2289156626506073,0.8317351598173516,True,0.8455138269804425,0.8273141787510978,0.8200192269856232,0.7793633612566957
0.9955927464164048,0.23293172690762803,0.825,True,0.840786633445831,0.8240044197545601,0.8161199866544362,0.7728151489393407
0.995615821042497,0.2369477911646681,0.8175799086757991,True,0.8360134142094565,0.8206449771386467,0.8121947285351214,0.7663219547132386
0.9956388956685891,0.24096385542168886,0.8124429223744293,True,0.8311953912734762,0.8172356318517033,0.8082434970426948,0.7598833163163535
0.9956619702946812,0.24497991967870958,0.8051369863013699,True,0.8263337863831844,0.8137761850592229,0.8042663422873838,0.753498775370482
0.9956850449207734,0.24899598393574965,0.7977168949771689,True,0.8214298207108176,0.8102664589155429,0.8002633201826442,0.7471678773487165
0.9957081195468654,0.2530120481927704,0.7918949771689497,True,0.8164847145377155,0.8067062973345591,0.7962344925534757,0.7408901715431758
0.9957311941729575,0.2570281124497911,0.7855022831050228,True,0.8114996869351,0.803095566757809,0.7921799272448018,0.7346652110327364
0.9957542687990497,0.26104417670683117,0.7795662100456621,True,0.8064759554443461,0.7994341569186837,0.788099698230204,0.7284925526513072
0.9957773434251418,0.26506024096385195,0.7738584474885845,True,0.8014147357569611,0.7957219816010126,0.7839938857207783,0.7223717569563688
0.995800418051234,0.269076305220892,0.7681506849315068,True,0.796317241394421,0.7919589793901718,0.7798625762738521,0.7163023881974804
0.9958234926773261,0.2730923694779127,0.761986301369863,True,0.7911846833888498,0.7881451144154373,0.7757058629019891,0.7102840142854936
0.9958465673034181,0.2771084337349335,0.755593607305936,True,0.7860182699641642,0.7842803770812726,0.771523845181621,0.7043162067615872
0.9958696419295103,0.28112449799197353,0.7494292237442922,True,0.7808192062186285,0.7803647847861742,0.7673166293617332,0.6983985407668521
0.9958927165556024,0.28514056224899426,0.742579908675799,True,0.7755886938088958,0.7763983826270288,0.7630843284723322,0.69253059501213
0.9959157911816945,0.28915662650601504,0.7361872146118722,True,0.7703279306356071,0.7723812440868928,0.7588270624324382,0.6867119517478489
0.9959388658077867,0.2931726907630551,0.7304794520547945,True,0.7650381105312818,0.7683134717045859,0.7545449581578878,0.6809421967343712
0.9959619404338788,0.2971887550200758,0.7239726027397261,True,0.759720422950548,0.7641951977239483,0.7502381496686868,0.6752209192125835
0.995985015059971,0.3012048192771159,0.717351598173516,True,0.7543760526627094,0.7600265847205516,0.7459067781956216,0.6695477118744616
0.996008089686063,0.3052208835341366,0.7124429223744292,True,0.7490061794475307,0.7558078262043245,0.7415509922865624,0.6639221708342931
0.9960311643121551,0.30923694779115735,0.70662100456621,True,0.7436119777937032,0.7515391471954498,0.7371709479117442,0.6583438955997324
0.9960542389382473,0.31325301204819744,0.7009132420091324,True,0.7381946166008516,0.7472208047719734,0.7327668085684585,0.6528124890433721
0.9960773135643394,0.31726907630521817,0.6960045662100457,True,0.7327552588850317,0.7428530885868715,0.7283387453848535,0.6473275573745493
0.9961003881904316,0.3212851405622582,0.6907534246575342,True,0.7272950614876572,0.7384363213523036,0.7238869372225322,0.6418887101111256
0.9961234628165236,0.325301204819279,0.6864155251141553,True,0.721815174788692,0.7339708592895355,0.7194115707783818,0.6364955600518987
0.9961465374426157,0.3293172690762997,0.6804794520547945,True,0.7163167424235019,0.7294570925418715,0.7149128406848938,0.6311477232488533
0.9961696120687079,0.33333333333333975,0.6760273972602739,True,0.7108009010041888,0.7248954455491308,0.7103909496094021,0.6258448189799068
0.9961926866948,0.33734939759036053,0.6713470319634703,True,0.7052687798453072,0.7202863773814954,0.7058461083519215,0.6205864697218807
0.9962157613208921,0.34136546184738126,0.6668949771689497,True,0.6997215006938705,0.7156303820306126,0.7012785359412796,0.6153723011234696
0.9962388359469843,0.3453815261044213,0.6621004566210046,True,0.6941601774642703,0.7109279886564762,0.6966884597298176,0.6102019419786702
0.9962619105730763,0.3493975903614421,0.657648401826484,True,0.6885859159780049,0.706179761788094,0.6920761154863538,0.6050750242004266
0.9962849851991685,0.3534136546184821,0.6528538812785388,True,0.6829998137080765,0.7013863014759734,0.687441747487068,0.5999911827942521
0.9963080598252606,0.35742971887550284,0.647945205479452,True,0.6774029595288446,0.696548243395335,0.6827856086047372,0.5949500558324423
0.9963311344513527,0.3614457831325236,0.6441780821917809,True,0.6717964334706465,0.6916662588978062,0.6781079603955361,0.5899512844281373
0.9963542090774449,0.36546184738956367,0.6390410958904109,True,0.6661813064799624,0.6867410550106885,0.6734090731838297,0.584994512709845
0.996377283703537,0.3694779116465844,0.6349315068493151,True,0.6605586401849524,0.6817733743822088,0.6686892261446097,0.5800793877961786
0.996400358329629,0.37349397590360517,0.6302511415525114,True,0.6549294866662206,0.6767639951712823,0.6639487073832354,0.5752055597705888
0.9964234329557212,0.3775100401606452,0.6256849315068493,True,0.6492948882333749,0.6717137308810788,0.6591878140127545,0.5703726816565272
0.9964465075818133,0.38152610441766593,0.6218036529680365,True,0.6436558772072211,0.6666234301351812,0.6544068522284622,0.5655804093928123
0.9964695822079055,0.38554216867470603,0.6176940639269406,True,0.6380134757073956,0.6614939763952236,0.6496061373793314,0.5608284018089729
0.9964926568339976,0.38955823293172676,0.6134703196347032,True,0.6323686954461829,0.6563262876198974,0.6447859940367436,0.5561163206011439
0.9965157314600896,0.3935742971887475,0.6089041095890411,True,0.6267225375277655,0.6511213158640222,0.6399467560596871,0.5514438303078221
0.9965388060861818,0.3975903614457876,0.6047945205479452,True,0.6210759922536444,0.6458800468178828,0.6350887666568519,0.5468105982860526
0.9965618807122739,0.4016064257028083,0.601027397260274,True,0.6154300389340099,0.6406034992863464,0.6302123784452445,0.542216294687814
0.9965849553383661,0.40562248995984834,0.5963470319634703,True,0.6097856457048375,0.6352927246074203,0.6253179535049338,0.5376605924363799
0.9966080299644582,0.4096385542168691,0.5921232876712329,True,0.6041437693514297,0.6299488060109856,0.6204058634303612,0.533143167203211
0.9966311045905503,0.41365461847388985,0.5884703196347032,True,0.5985053551376264,0.6245728579172151,0.6154764893773581,0.5286636973847113
0.9966541792166425,0.4176706827309299,0.583675799086758,True,0.5928713366413925,0.6191660251757702,0.6105302221062979,0.5242218640793997
0.9966772538427345,0.42168674698795067,0.5802511415525115,True,0.5872426355965401,0.6137294822461627,0.6055674620209917,0.5198173510652693
0.9967003284688266,0.4257028112449714,0.5755707762557077,True,0.5816201617403614,0.6082644323198708,0.6005886192029509,0.5154498447771474
0.9967234030949188,0.42971887550201143,0.5715753424657535,True,0.5760048126676792,0.6027721063856861,0.5955941134412838,0.5111190342844368
0.9967464777210109,0.4337349397590322,0.5675799086757991,True,0.570397473691083,0.5972537622392629,0.590584374257847,0.5068246112690423
0.9967695523471031,0.43775100401607225,0.5633561643835616,True,0.5647990177070894,0.5917106834379803,0.5855598409272492,0.502566270003275
0.9967926269731952,0.441767068273093,0.5601598173515981,True,0.559210305068906,0.5861441782033506,0.5805209624921387,0.49834370732825245
0.9968157015992872,0.44578313253011376,0.5552511415525114,True,0.5536321834649894,0.5805555782719234,0.5754681977728869,0.4941566226321727
0.9968387762253794,0.4497991967871538,0.5514840182648402,True,0.5480654878040679,0.5749462376972757,0.5704020153721033,0.4900047178289748
0.9968618508514715,0.4538152610441745,0.5478310502283105,True,0.5425110401063485,0.5693175316049223,0.5653228936735707,0.4858876973371776
0.9968849254775636,0.45783132530119525,0.5432648401826484,True,0.5369696494006588,0.5636708549021654,0.560231320835214,0.481805268058716
0.9969080001036558,0.46184738955823534,0.539269406392694,True,0.5314421116279866,0.5580076209457968,0.555127794776368,0.47775713935813596
0.9969310747297478,0.46586345381525607,0.5361872146118721,True,0.5259292095511581,0.5523292601699902,0.5500128231589606,0.47374302304196125
0.99695414935584,0.46987951807229617,0.5315068493150685,True,0.5204317126703656,0.5466372186768359,0.5448869233621908,0.46976263333804047
0.9969772239819321,0.4738955823293169,0.5277397260273973,True,0.514950377145181,0.5409329567930621,0.5397506224511512,0.4658156868753569
0.9970002986080242,0.4779116465863376,0.5235159817351598,True,0.5094859457222294,0.5352179475951138,0.5346044571384836,0.4619019026637204
0.9970233732341164,0.4819277108433777,0.5202054794520548,True,0.5040391476691528,0.5294936754063785,0.5294489737395189,0.45802100207382135
0.9970464478602085,0.48594377510039843,0.5156392694063927,True,0.49861069871455777,0.5237616342695008,0.5242847281204888,0.45417270881745
0.9970695224863007,0.4899598393574385,0.5116438356164383,True,0.49320130099364856,0.5180233263968129,0.5191122856393906,0.4503567489276962
0.9970925971123927,0.49397590361445926,0.507648401826484,True,0.48781164300015595,0.512280260602963,0.5139322210799673,0.4465728507395942
0.9971156717384848,0.49799196787148,0.5042237442922375,True,0.48244239954373075,0.5065339507223707,0.5087451185778914,0.44282074487065254
0.997138746364577,0.5020080321285201,0.5002283105022831,True,0.47709423171340537,0.5007859140157154,0.503551571539615,0.4391001642017324
0.9971618209906691,0.5060240963855408,0.4960045662100457,True,0.47176778684680887,0.49503766956873957,0.49835218255348046,0.43541084385808415
0.9971848956167612,0.5100401606425615,0.4917808219178082,True,0.4664636985048506,0.48929073668670653,0.4931475632927103,0.43175252119038265
0.9972079702428533,0.5140562248996016,0.48835616438356166,True,0.4611825864522776,0.4835466332886144,0.4879383344105763,0.4281249357560831
0.9972310448689454,0.5180722891566223,0.483675799086758,True,0.455925056643813,0.4778068743045213,0.48272512542737017,0.42452782930093186
0.9972541194950376,0.5220883534136623,0.4800228310502283,True,0.4506917012155589,0.47207297007930105,0.477508574608785,0.4209609457404586
0.9972771941211297,0.5261044176706832,0.47614155251141554,True,0.4454830984822339,0.46634642478708793,0.47228932883618896,0.41742403114188387
0.9973002687472218,0.5301204819277039,0.4726027397260274,True,0.4402998129394182,0.46062873485910877,0.4670680434679053,0.4139168337059205
0.997323343373314,0.5341365461847439,0.46872146118721464,True,0.43514239527136644,0.4549213874290684,0.4618453821919921,0.4104391037488999
0.997346417999406,0.5381526104417647,0.46358447488584476,True,0.4300113823640646,0.4492258587992238,0.4566220168701444,0.4069905936850459
0.9973694926254982,0.5421686746988047,0.46015981735159817,True,0.42490729732320914,0.4435436129301997,0.45139862737234754,0.4035710580087325
0.9973925672515903,0.5461847389558254,0.45639269406392696,True,0.4198306494976521,0.43787609995847443,0.446175901402793,0.4001802532771378
0.9974156418776824,0.5502008032128463,0.4519406392694064,True,0.41478193450749246,0.4322247547438487,0.44095453431619464,0.3968179380927978
0.9974387165037746,0.5542168674698863,0.4484018264840183,True,0.40976163427735224,0.42659099545060664,0.43573522892503075,0.39348387308647104
0.9974617911298667,0.558232931726907,0.444634703196347,True,0.40477021707450367,0.4209762221649889,0.4305186952973661,0.3901778209001446
0.9974848657559587,0.5622489959839277,0.4404109589041096,True,0.39980813755155364,0.41538181555150383,0.42530565054493935,0.3868995461700402
0.9975079403820509,0.5662650602409678,0.43687214611872144,True,0.3948758367940334,0.409809135551182,0.4200968186018886,0.38364881550990665
0.997531015008143,0.5702811244979885,0.4319634703196347,True,0.3899737423725869,0.4042595201239981,0.41489292999381905,0.3804253974944513
0.9975540896342352,0.5742971887550287,0.42796803652968035,True,0.3851022683994376,0.39873428403750505,0.4096947215968957,0.37722906264275524
0.9975771642603273,0.5783132530120494,0.42397260273972603,True,0.38026181558963407,0.39323471770449264,0.40450293638754026,0.37405958340205997
0.9976002388864194,0.5823293172690701,0.4204337899543379,True,0.375452771326278,0.3877620860708397,0.3993183231819311,0.37091673413145976
0.9976233135125115,0.5863453815261102,0.4158675799086758,True,0.3706755097302315,0.3823176275560293,0.3941416363659036,0.3678002910858848
0.9976463881386036,0.5903614457831309,0.4113013698630137,True,0.36593039173397296,0.37690255304766834,0.38897363561497605,0.36471003240021627
0.9976694627646957,0.5943775100401516,0.4071917808219178,True,0.361217765159305,0.371518044951216,0.38381508560426353,0.36164573807340167
0.9976925373907879,0.5983935742971918,0.4038812785388128,True,0.3565379647992338,0.3661652562966399,0.37866675570873165,0.35860718995283825
0.99771561201688,0.6024096385542125,0.398972602739726,True,0.3518913125037148,0.360845309902824,0.3735294196935751,0.3555941717188853
0.9977386866429722,0.6064257028112525,0.39509132420091325,True,0.3472781172689469,0.3555592976003492,0.3684038553944976,0.3526064688693623
0.9977617612690642,0.6104417670682732,0.3909817351598174,True,0.3426986753306785,0.3503082795139793,0.3632908443885521,0.3496438687043939
0.9977848358951563,0.614457831325294,0.386986301369863,True,0.33815327026075986,0.34509328340458945,0.3581911716548463,0.34670616031116636
0.9978079105212485,0.618473895582334,0.3818493150684932,True,0.3336421730673987,0.3399153040714994,0.3531056252257985,0.3437931345489564
0.9978309851473406,0.6224899598393548,0.3781963470319635,True,0.3291656422987958,0.3347753028150982,0.34803499582877295,0.3409045840342831
0.9978540597734328,0.6265060240963949,0.3740867579908676,True,0.32472392414985174,0.32967420695948496,0.3429800765179436,0.3380403031260463
0.9978771343995249,0.6305220883534156,0.3695205479452055,True,0.32031725257237986,0.3246129094355425,0.33794166229710704,0.3352000879109981
0.9979002090256169,0.6345381526104363,0.3644977168949772,True,0.31594584938808673,0.3195922684233381,0.3329205497328348,0.33238373618912853
0.9979232836517091,0.6385542168674764,0.3607305936073059,True,0.3116099244047531,0.31461310705393913,0.3279175365587145,0.3295910474593132
0.9979463582778012,0.6425702811244971,0.35639269406392693,True,0.3073096755352996,0.3096762131697142,0.3229334212705913,0.3268218229050784
0.9979694329038933,0.6465863453815178,0.3517123287671233,True,0.3030452889194547,0.3047823391420812,0.3179690027127647,0.32407586538036665
0.9979925075299855,0.650602409638558,0.34748858447488584,True,0.2988169390482991,0.2999322017461676,0.3130250796557661,0.3213529793955424
0.9980155821560776,0.6546184738955787,0.3421232876712329,True,0.29462478889139615,0.29512648209106496,0.30810245036570494,0.3186529711035135
0.9980386567821697,0.6586345381526187,0.33778538812785386,True,0.2904689900262111,0.2903658256042253,0.3032019121651686,0.3159756482858393
0.9980617314082618,0.6626506024096395,0.33287671232876714,True,0.28634968277022294,0.28565084206924396,0.29832426098651743,0.31332082033915043
0.9980848060343539,0.6666666666666602,0.3281963470319635,True,0.28226699631502794,0.280982105714889,0.2934702909171192,0.3106882982614891
0.9981078806604461,0.6706827309237003,0.32374429223744294,True,0.27822104886283616,0.27636015535440966,0.28864079373739715,0.3080778946388923
0.9981309552865382,0.6746987951807211,0.31894977168949773,True,0.2742119477650626,0.2717854945732573,0.2838365584517497,0.30548942363208714
0.9981540299126302,0.6787148594377418,0.31381278538812785,True,0.2702397896627375,0.26725859196330765,0.27905837081245033,0.30292270096318497
0.9981771045387224,0.6827309236947818,0.3091324200913242,True,0.2663046606289966,0.2627798814021998,0.2743070128372852,0.30037754390260085
0.9982001791648145,0.6867469879518026,0.30399543378995436,True,0.26240663631336986,0.25834976237573576,0.26958326232106755,0.2978537712560803
0.9982232537909067,0.6907630522088426,0.29863013698630136,True,0.25854578208758866,0.2539686003412258,0.2648878923411821,0.2953512033517153
0.9982463284169988,0.6947791164658633,0.2937214611872146,True,0.25472215319328917,0.2496367271303647,0.2602216707581185,0.2928696620272492
0.9982694030430909,0.6987951807228842,0.28858447488584477,True,0.25093579489095025,0.2453544413890094,0.25558535971072865,0.290408970617309
0.998292477669183,0.7028112449799242,0.2825342465753425,True,0.2471867426104421,0.24112200905237252,0.2509797151072057,0.28796895394086497
0.9983155522952751,0.7068273092369449,0.2768264840182648,True,0.2434750221029015,0.2369396638533739,0.2464054861120078,0.28554943828879376
0.9983386269213673,0.710843373493985,0.2705479452054795,True,0.23980064959366434,0.2328076078619011,0.2418634146289816,0.28315025141142963
0.9983617015474594,0.7148594377510057,0.26381278538812786,True,0.23616363193661374,0.2287260120534224,0.2373542347817263,0.28077122250639514
0.9983847761735515,0.7188755020080264,0.25753424657534246,True,0.23256396676931465,0.22469501690429125,0.23287867239104765,0.27841218220636027
0.9984078507996437,0.7228915662650666,0.2519406392694064,True,0.22900164266929315,0.22071473301219077,0.2284374444505821,0.2760729625670197
0.9984309254257357,0.7269076305220873,0.2447488584474886,True,0.22547663931118803,0.21678524173947825,0.22403125860091092,0.2737533970551703
0.9984540000518278,0.730923694779108,0.23755707762557077,True,0.22198892762453828,0.21290659587724353,0.21966081260254786,0.2714533205367875
0.99847707467792,0.734939759036148,0.23184931506849316,True,0.2185384699524281,0.20907882032843741,0.21532679380876157,0.2691725692653032
0.9985001493040121,0.7389558232931688,0.22625570776255707,True,0.21512522021074496,0.20530191280793048,0.21102987863864273,0.2669109808699814
0.9985232239301043,0.7429718875502088,0.22100456621004566,True,0.21174912404780652,0.20157584455740174,0.20677073205082672,0.2646683943442814
0.9985462985561964,0.7469879518072297,0.21541095890410958,True,0.20841011900468237,0.19790056107363005,0.20255000701902456,0.2624446500344832
0.9985693731822884,0.7510040160642504,0.2095890410958904,True,0.2051081346756398,0.19427598284780492,0.1983683440093938,0.26023958962824517
0.9985924478083806,0.7550200803212904,0.20376712328767124,True,0.2018430928690376,0.19070200611451985,0.19422637046092675,0.2580530561433666
0.9986155224344727,0.7590361445783111,0.1978310502283105,True,0.1986149077684253,0.18717850360852575,0.19012470026933023,0.255884893916643
0.9986385970605648,0.7630522088353319,0.19155251141552512,True,0.19542348609363108,0.18370532532741254,0.1860639332749123,0.2537349485927209
0.998661671686657,0.7670682730923719,0.18538812785388128,True,0.19226872726204292,0.18028229929890366,0.1820446547555418,0.25160306711314095
0.9986847463127491,0.7710843373493927,0.179337899543379,True,0.18915052354986386,0.17690923235103836,0.17806743492521532,0.2494890977054722
0.9987078209388413,0.7751004016064328,0.17397260273972603,True,0.18606876025312002,0.17358591088358136,0.17413282843877334,0.24739288987243488
0.9987308955649333,0.7791164658634535,0.16906392694063926,True,0.18302331584872233,0.170312101639625,0.170241373903982,0.24531429438126814
0.9987539701910254,0.7831325301204742,0.16312785388127854,True,0.18001406215506457,0.16708755247552548,0.16639359340115778,0.2432531632530348
0.9987770448171176,0.7871485943775143,0.15810502283105024,True,0.1770408644924576,0.16391199312826474,0.1625899920115656,0.24120934975211752
0.9988001194432097,0.791164658634535,0.15273972602739727,True,0.1741035818431819,0.16078513597883018,0.1588310573551586,0.23918270837580088
0.9988231940693019,0.7951807228915752,0.14748858447488583,True,0.17120206701095012,0.1577066768102885,0.1551172591382502,0.23717309484384477
0.998846268695394,0.7991967871485959,0.14029680365296804,True,0.16833616678007027,0.15467629555982085,0.15144904871234266,0.23518036608829046
0.998869343321486,0.8032128514056166,0.1363013698630137,True,0.16550572207382108,0.1516936570632234,0.14782685864434408,0.23320438024320767
0.9988924179475782,0.8072289156626566,0.1317351598173516,True,0.16271056811232817,0.1487584117912716,0.14425110229939825,0.231244996634624
0.9989154925736703,0.8112449799196774,0.12705479452054794,True,0.15995053456973785,0.1458701965768797,0.14072217343692,0.22930207577053827
0.9989385671997624,0.8152610441766981,0.12180365296803652,True,0.1572254457305098,0.1430286353320863,0.13724044582045605,0.2273754793309333
0.9989616418258546,0.8192771084337382,0.11792237442922375,True,0.1545351206450133,0.1402333397543358,0.13380627284245084,0.22546507015795697
0.9989847164519466,0.823293172690759,0.1141552511415525,True,0.15187937328424742,0.13748391002120083,0.13041998716452158,0.22357071224618522
0.9990077910780388,0.827309236947799,0.10970319634703196,True,0.14925801269350103,0.13477993547275496,0.12708190037383646,0.2216922707328753
0.9990308657041309,0.8313253012048197,0.10490867579908676,True,0.1466708431452246,0.13212099528132742,0.12379230265675639,0.2198296118884377
0.999053940330223,0.8353413654618405,0.1,True,0.1441176642906742,0.12950665910769799,0.12055146248998463,0.217982603106852
0.9990770149563152,0.8393574297188805,0.09520547945205479,True,0.1415982713105991,0.12693648774357366,0.1173596263503564,0.21615111289625416
0.9991000895824073,0.8433734939759013,0.09235159817351599,True,0.13911245506479133,0.12441003373977835,0.11421701844380942,0.21433501086960136
0.9991231642084994,0.8473895582329414,0.08835616438356164,True,0.13666000224033412,0.12192684201965695,0.11112384045408406,0.2125341677353278
0.9991462388345915,0.8514056224899621,0.08561643835616438,True,0.13424069549880357,0.11948645047766786,0.10808027131220417,0.21074845528821046
0.9991693134606836,0.8554216867469828,0.08150684931506849,True,0.13185431362202008,0.11708839056251977,0.10508646698694307,0.20897774640018094
0.9991923880867758,0.8594377510040229,0.07808219178082192,True,0.12950063165660539,0.11473218784491818,0.10214256029728101,0.20722191501130124
0.9992154627128679,0.8634538152610436,0.07534246575342465,True,0.1271794210571813,0.11241736256960855,0.09924866074730872,0.20548083612081433
0.99923853733896,0.8674698795180644,0.07237442922374429,True,0.1248904498280734,0.11014343019146967,0.09640485438403569,0.20375438577819482
0.9992616119650521,0.8714859437751045,0.06837899543378996,True,0.12263348266368398,0.10790990189575522,0.09361120367891312,0.2020424410743498
0.9992846865911442,0.8755020080321252,0.06472602739726027,True,0.12040828108739335,0.10571628510230635,0.09086774743345939,0.2003448801328934
0.9993077612172364,0.8795180722891652,0.0615296803652968,True,0.11821460358884979,0.1035620839536027,0.08817450070935387,0.19866158210141277
0.9993308358433285,0.883534136546186,0.05776255707762557,True,0.11605220575988244,0.10144679978691658,0.08553145478378381,0.1969924271429296
0.9993539104694206,0.8875502008032067,0.0545662100456621,True,0.11392084042868568,0.09936993159028881,0.08293857713007177,0.1953372964273119
0.9993769850955128,0.8915662650602468,0.051484018264840184,True,0.11182025779250866,0.09733097644265212,0.0803958114242918,0.19369607212283887
0.9994000597216048,0.8955823293172676,0.04908675799086758,True,0.10975020554871354,0.0953294299380874,0.07790307757808232,0.19206863738783556
0.9994231343476969,0.8995983935742883,0.04589041095890411,True,0.10771042902408652,0.09336478659424532,0.07546027179784982,0.19045487636230748
0.9994462089737891,0.9036144578313283,0.04360730593607306,True,0.10570067130255682,0.09143654024525551,0.0730672666708421,0.18885467415971613
0.9994692835998812,0.907630522088349,0.040639269406392696,True,0.1037206733512063,0.08954418441919522,0.07072391127818524,0.18726791685882294
0.9994923582259734,0.9116465863453891,0.03721461187214612,True,0.10177017414445087,0.08768721270021658,0.06843003133494072,0.1856944914955252
0.9995154328520655,0.9156626506024099,0.0341324200913242,True,0.09984891078661326,0.08586511907576688,0.06618542935758082,0.1841342860548752
0.9995385074781575,0.9196787148594306,0.031050228310502283,True,0.09795661863258015,0.08407739826885254,0.06398988485861178,0.18258718946305225
0.9995615821042497,0.9236947791164707,0.02910958904109589,True,0.09609303140675998,0.08232354605581135,0.06184315456863694,0.18105309157947835
0.9995846567303418,0.9277108433734914,0.025684931506849314,True,0.09425788132022939,0.08060305956975432,0.059744972685707415,0.17953188318899893
0.999607731356434,0.9317269076305315,0.022602739726027398,True,0.09245089918596266,0.07891543758986205,0.057695051151769816,0.17802345599405592
0.9996308059825261,0.9357429718875522,0.020205479452054795,True,0.09067181453235237,0.07726018081702225,0.055693079956318274,0.17652770260703665
0.9996538806086182,0.939759036144573,0.018036529680365298,True,0.08892035571474238,0.07563679213584756,0.05373872746674576,0.17504451654257774
0.9996769552347103,0.943775100401613,0.01598173515981735,True,0.08719625002517958,0.07404477686357615,0.05183164078538606,0.17357379221000613
0.9997000298608024,0.9477911646586338,0.013926940639269407,True,0.08549922380028373,0.07248364298607399,0.04997144613282475,0.1721154249058428
0.9997231044868945,0.9518072289156545,0.012899543378995433,True,0.0838290025271526,0.07095290138118383,0.04815774925702996,0.1706693108063066
0.9997461791129867,0.9558232931726945,0.01141552511415525,True,0.08218531094744431,0.06945206602987479,0.04639013586803311,0.16923534695994405
0.9997692537390788,0.9598393574297153,0.009817351598173516,False,0.08056787315954986,0.06798065421543964,0.04466817209758502,0.16781343128032053
0.999792328365171,0.9638554216867554,0.00821917808219178,False,0.07897641271877501,0.06653818671099476,0.04299140498315712,0.16640346253870458
0.999815402991263,0.9678714859437761,0.0073059360730593605,False,0.07741065273572129,0.06512418795578642,0.04135936297589228,0.16500534035691578
0.9998384776173551,0.9718875502007969,0.005707762557077625,False,0.07587031597262747,0.06373818622041694,0.039771556471591196,0.16361896520013106
0.9998615522434473,0.9759036144578369,0.0045662100456621,False,0.074355124937864,0.06237971376149536,0.03822747836422059,0.16224423836981933
0.9998846268695394,0.9799196787148576,0.0038812785388127853,False,0.07286480197849678,0.061048306965966206,0.036726604621078844,0.16088106199673446
0.9999077014956315,0.9839357429718784,0.0028538812785388126,False,0.071399069370858,0.059743506485387426,0.03526839487872553,0.1595293390339081
0.9999307761217237,0.9879518072289185,0.00228310502283105,False,0.06995764940925459,0.05846485736060004,0.03385229305892046,0.158188973249761
0.9999538507478157,0.9919678714859392,0.0017123287671232876,False,0.0685402644927473,0.057211909137050515,0.032477728003562745,0.15685986922127096
0.9999769253739079,0.9959839357429793,0.0006849315068493151,False,0.06714663720993662,0.055984215971027824,0.031144114127573844,0.15554193232713456
1.0,1.0,0.0,False,0.06577649042192911,0.054781336727283886,0.029850852088852478,0.15423506874108217
