paire,index,temps,distance
2-3,1842,18.42,0.024896823804536852
1-2,6699,66.99,0.024982602187225696
1-2,6213,62.13,0.025048948562932667
1-2,7532,75.32000000000001,0.025168408858899247
1-2,7185,71.85000000000001,0.025930281062383202
1-2,5727,57.27,0.026003182499011807
1-2,7046,70.46000000000001,0.02619401542870084
1-2,7879,78.79,0.02620535955473116
1-2,6352,63.52,0.026504887619058927
2-3,110,1.1,0.0265352463608584
1-2,5866,58.660000000000004,0.027683866142143177
1-2,6560,65.6,0.028316310224980632
1-2,6838,68.38,0.028588434084561645
1-2,7671,76.71000000000001,0.028678312417294086
1-2,7393,73.93,0.029037427341347784
1-2,6074,60.74,0.02904332403036868
2-3,952,9.52,0.029847888341993395
1-2,7324,73.24,0.032246556047636474
1-2,6005,60.050000000000004,0.03266539185451127
1-2,6907,69.07000000000001,0.032740076888103466
1-2,7740,77.4,0.0327480840053122
1-2,6491,64.91,0.033109274560232424
1-2,5588,55.88,0.03462447377740118
1-2,5935,59.35,0.035064601289985696
1-2,6421,64.21000000000001,0.0359481635754501
1-2,6977,69.77,0.036704183570669846
1-2,7810,78.10000000000001,0.03695894033193621
1-2,7254,72.54,0.03739232833213753
1-3,3731,37.31,0.03758877046565811
1-2,5657,56.57,0.038064217598230636
1-2,5518,55.18,0.038770313298012025
1-2,5796,57.96,0.0397666313472814
1-2,6144,61.44,0.04003064000350168
2-3,541,5.41,0.040598230897657205
1-2,7463,74.63,0.04144256554074712
1-2,6768,67.68,0.04180137508200243
1-2,6630,66.3,0.04200949005374945
1-2,7601,76.01,0.04204040491705018
1-2,1785,17.85,0.04436102357278264
1-2,6282,62.82,0.044729964919235955
1-2,7116,71.16,0.046273518254381585
1-2,7948,79.48,0.04661864707198177
2-3,5441,54.410000000000004,0.047611419908548495
1-2,926,9.26,0.04784811931099115
1-2,2133,21.330000000000002,0.04990155821477993
1-3,5447,54.47,0.05807261205532654
1-3,2098,20.98,0.0644873563210494
1-3,758,7.58,0.10445342795534449
1-2,3756,37.56,0.13312787577935295
1-2,3927,39.27,0.13591385932576427
1-2,4011,40.11,0.13610606985297807
1-2,3843,38.43,0.1361675891955418
1-2,4095,40.95,0.1362131111790291
1-2,4179,41.79,0.13625026196168713
1-2,4263,42.63,0.13625736404085792
1-2,4347,43.47,0.13626391346248984
1-2,4431,44.31,0.13628971047165847
1-2,4515,45.15,0.13634776210376767
1-2,4599,45.99,0.13644635816951559
1-2,4683,46.83,0.13659036454366502
1-2,4767,47.67,0.13678202890947547
1-2,4851,48.51,0.137021566814484
1-2,4935,49.35,0.13730788362636187
1-2,5019,50.19,0.13764032168597914
1-2,5103,51.03,0.1380246350669213
1-2,5187,51.870000000000005,0.13849791653694962
1-2,5271,52.71,0.13926572152986444
1-2,5355,53.550000000000004,0.1420229207853261
1-3,1745,17.45,0.14330786541036822
1-2,151,1.51,0.15276939009476664
1-3,1641,16.41,0.15779367868497035
1-3,1536,15.36,0.16146569270703007
1-3,1431,14.31,0.16357989244517548
1-3,1326,13.26,0.1652016539760014
1-3,1221,12.21,0.166754239624074
1-3,1116,11.16,0.168758546181765
1-3,1012,10.120000000000001,0.17235546118575243
1-3,576,5.76,0.180313267973507
1-3,123,1.23,0.20053666648689647
2-3,2182,21.82,0.20984502852749332
2-3,2267,22.67,0.21527018885313973
2-3,2353,23.53,0.2167740940273713
2-3,2438,24.38,0.21757779684924378
2-3,2523,25.23,0.21817867900448484
2-3,2608,26.080000000000002,0.21869341255554994
2-3,2694,26.94,0.219092644285144
2-3,2779,27.79,0.21933062650446947
2-3,2864,28.64,0.21958720142770788
2-3,2949,29.490000000000002,0.21987334489036578
2-3,3034,30.34,0.22019985726855032
2-3,3119,31.19,0.22057953475289327
2-3,3205,32.05,0.22099323217408065
2-3,3290,32.9,0.2213170153539806
2-3,3375,33.75,0.22178521016680297
2-3,3460,34.6,0.2224988255833608
2-3,3545,35.45,0.22372526310667307
2-3,3631,36.31,0.22638994441033836
1-2,320,3.2,0.2330657750415034
2-3,3718,37.18,0.24063795405676158
1-2,5440,54.4,0.2644043799501647
1-2,491,4.91,0.2796144490511041
2-3,3735,37.35,0.31028309114281954
2-3,2122,21.22,0.3521711253666737
1-2,3732,37.32,0.3626570245850947
1-3,1803,18.03,0.4771399462688112
1-3,540,5.4,0.5054512836697305
1-2,543,5.43,0.5064100522290413
1-3,947,9.47,0.5415761373083111
1-3,105,1.05,0.5423286555077355
1-2,110,1.1,0.5834766568274836
1-3,2133,21.330000000000002,0.5836576216150394
2-3,1786,17.86,0.746611006055483
1-3,922,9.22,0.7560827928567474
2-3,2093,20.93,0.8813958361893862
1-3,1851,18.51,1.059047986929807
2-3,1745,17.45,1.2600050145793642
1-2,1017,10.17,1.4864544201516436
1-3,5523,55.230000000000004,1.7717192977554423
2-3,5517,55.17,1.78850156592331
2-3,5344,53.44,1.9889025405278087
2-3,756,7.5600000000000005,2.031714497860137
2-3,326,3.2600000000000002,2.04109849045663
1-2,3618,36.18,2.195418746291652
2-3,3857,38.57,2.2688245653785737
2-3,1637,16.37,2.416350400378776
1-3,2266,22.66,2.4866949706320596
1-2,1126,11.26,2.5105853108183247
1-3,5596,55.96,2.7452033347253666
2-3,5588,55.88,2.782729731075072
1-3,5276,52.76,2.8151317791021837
2-3,5254,52.54,2.9040047789869745
2-3,1198,11.98,2.9484516709915485
2-3,1529,15.290000000000001,3.0186589225461256
1-3,3925,39.25,3.028431310629294
1-2,1236,12.36,3.0405765339805826
1-2,3528,35.28,3.0519269298348415
2-3,3948,39.480000000000004,3.1087460670012783
1-2,1462,14.620000000000001,3.151048296451237
1-2,1347,13.47,3.2427414770101723
2-3,1312,13.120000000000001,3.2654798955784576
1-3,2353,23.53,3.2761760718236363
2-3,1421,14.21,3.2846025934255696
1-2,2388,23.88,3.484038044319511
1-3,3474,34.74,3.5325279634899487
1-3,5668,56.68,3.537958154939053
1-3,5190,51.9,3.539095214439181
2-3,5166,51.660000000000004,3.5765635775225575
2-3,5657,56.57,3.58371820058957
1-2,3440,34.4,3.684551104736612
1-3,4010,40.1,3.7010521870719546
2-3,4036,40.36,3.735801873828522
1-3,2439,24.39,3.870849786713153
1-2,2478,24.78,4.0190142355301575
1-3,3386,33.86,4.070267650281765
2-3,5078,50.78,4.096274574160178
1-3,5105,51.050000000000004,4.098857210769756
1-2,3353,33.53,4.168201802104193
2-3,4124,41.24,4.221571749175537
1-3,4094,40.94,4.225550320826697
1-3,5739,57.39,4.225676302245317
2-3,5727,57.27,4.277057986004156
1-3,2525,25.25,4.32823683781768
1-2,2567,25.67,4.425576026696829
1-3,3299,32.99,4.4819488307824065
2-3,4991,49.910000000000004,4.500865249236903
1-2,3265,32.65,4.5362986733400765
1-3,5021,50.21,4.53819343585223
2-3,4212,42.12,4.598234731248833
1-3,4179,41.79,4.637317142046048
1-3,2611,26.11,4.676158867741942
1-2,2655,26.55,4.7280036777928975
1-3,3213,32.13,4.790782302546614
1-2,3178,31.78,4.806869002809286
2-3,4904,49.04,4.810475768964916
1-3,5810,58.1,4.840253647488096
1-3,4936,49.36,4.880227282152394
2-3,4299,42.99,4.883440098566094
2-3,5796,57.96,4.907733661515337
1-3,2697,26.97,4.930442498640486
1-2,2743,27.43,4.939849324735723
1-3,4263,42.63,4.955389697267386
1-2,3091,30.91,4.990681822461791
1-3,3127,31.27,5.010053116573845
2-3,4818,48.18,5.036912959297524
1-2,2830,28.3,5.06899061478601
2-3,4385,43.85,5.087774080043967
1-2,3004,30.04,5.093944445786667
1-3,2783,27.830000000000002,5.100555188467028
1-2,2917,29.17,5.119814112907011
1-3,4852,48.52,5.137288827883692
1-3,3041,30.41,5.147507067788722
2-3,4731,47.31,5.18765714073861
1-3,2869,28.69,5.192019629292243
1-3,4347,43.47,5.192105906883258
1-3,2955,29.55,5.207542668925888
2-3,4472,44.72,5.217633035685397
2-3,4645,46.45,5.266885682791544
2-3,4559,45.59,5.276850414619729
1-3,4768,47.68,5.3186016976618395
1-3,4431,44.31,5.3546075232421595
1-3,5881,58.81,5.3989379565577025
1-3,4684,46.84,5.429161304744822
1-3,4515,45.15,5.447266660058635
2-3,5866,58.660000000000004,5.467168385573058
1-3,4600,46.0,5.471776578701011
1-3,5952,59.52,5.912577716856286
2-3,5935,59.35,5.993840922683419
1-3,6022,60.22,6.388451613264235
2-3,6005,60.050000000000004,6.47223920150705
1-3,6093,60.93,6.831959074224636
2-3,6074,60.74,6.923164347558577
1-3,6163,61.63,7.2470380166262
2-3,6144,61.44,7.34570376058106
1-3,6234,62.34,7.636843911556983
2-3,6213,62.13,7.736487978786224
1-3,6304,63.04,8.00372694635897
2-3,6283,62.83,8.116627568317382
1-3,6374,63.74,8.34979333232503
2-3,6352,63.52,8.45898876171423
1-3,6444,64.44,8.676683628729599
2-3,6421,64.21000000000001,8.80077702153685
1-3,6515,65.15,8.985768720561895
2-3,6491,64.91,9.10626390034495
1-3,6585,65.85,9.27818520688507
2-3,6560,65.6,9.406551044767733
1-3,6655,66.55,9.55499114491621
2-3,6630,66.3,9.68766182364005
1-3,6725,67.25,9.817055004920695
2-3,6699,66.99,9.950425827852445
1-3,6795,67.95,10.0651341166887
2-3,6769,67.69,10.210000973078616
1-3,6865,68.65,10.299893067049771
2-3,6838,68.38,10.441057984251202
1-3,6935,69.35000000000001,10.52191823657035
2-3,6907,69.07000000000001,10.676330791721172
1-3,7005,70.05,10.731729426462813
2-3,6977,69.77,10.883028677834448
1-3,7075,70.75,10.929789258868919
2-3,7046,70.46000000000001,11.08667206779327
1-3,7145,71.45,11.11651085070199
2-3,7116,71.16,11.27884093791655
1-3,7215,72.15,11.292264132436909
2-3,7185,71.85000000000001,11.453822288598936
1-3,7285,72.85000000000001,11.45738109147417
1-3,7355,73.55,11.612160152989016
2-3,7255,72.55,11.630915362108556
1-3,7425,74.25,11.756869863169289
2-3,7324,73.24,11.781738632001822
1-3,7495,74.95,11.891752000968097
2-3,7393,73.93,11.936903567570313
1-3,7565,75.65,12.017024220691289
2-3,7463,74.63,12.071253880889412
1-3,7635,76.35000000000001,12.132882303885548
2-3,7532,75.32000000000001,12.199456305030552
1-3,7704,77.04,12.239495449523
2-3,7602,76.02,12.322976282724433
1-3,7774,77.74,12.337003410594663
1-3,7844,78.44,12.425569465207717
2-3,7671,76.71000000000001,12.427697346941418
1-3,7914,79.14,12.505318693198031
2-3,7741,77.41,12.537889111883995
1-3,7984,79.84,12.576361527676232
2-3,7810,78.10000000000001,12.622538957669288
2-3,7879,78.79,12.709544732912718
2-3,7949,79.49,12.78342059902161
