Z,N,A,BE_keV,BEA_keV
1,0,1,0.0002,0.0002
1,1,0,0.0,0.0
2,1,1,0.0003,0.0003
2,3,5,20.0,4.0
2,5,7,7.5593,1.0799
3,0,3,2001.0,667.0
3,1,4,212.132,53.033
3,2,1,1720.4491,1720.4491
3,2,5,50.0,10.0
3,6,9,0.1863,0.0207
3,7,10,12.721,1.2721
4,1,5,2005.0,401.0
4,2,6,5.448,0.908
4,3,1,1336.3592,1336.3592
4,4,8,0.0352,0.0044
4,9,13,10.1803,0.7831
5,1,6,2004.0,334.0
5,2,7,25.1503,3.5929
5,4,1,961.6395,961.6395
5,4,9,0.9027000000000001,0.1003
5,8,13,0.9996999999999999,0.0769
6,3,9,2.1366,0.2374
6,4,2,0.0222,0.0111
6,5,1,940.0,940.0
6,9,15,0.7995,0.0533
6,10,16,3.5776,0.2236
6,11,17,17.3655,1.0215
6,12,18,30.000600000000002,1.6667
6,13,19,98.3896,5.1784
6,14,20,230.624,11.5312
6,15,21,588.0,28.0
7,3,10,400.0,40.0
7,4,11,5.0006,0.4546
7,5,2,10.4036,5.2018
7,6,13,0.2691,0.0207
7,9,16,2.3008,0.1438
7,10,17,15.0008,0.8824
7,11,18,18.568800000000003,1.0316
7,12,19,16.4046,0.8634
7,13,20,78.894,3.9447
7,14,21,134.0472,6.3832
7,15,22,207.779,9.4445
7,16,23,420.56879999999995,18.2856
8,3,11,60.038000000000004,5.458
8,4,12,12.0,1.0
8,5,3,12466.1451,4155.3817
8,5,13,9.5264,0.7328
8,6,2,5990.268,2995.134
8,11,19,2.6372,0.1388
8,12,20,0.8840000000000001,0.0442
8,13,21,11.9994,0.5714
8,14,22,56.9206,2.5873
8,15,23,121.71140000000001,5.2918
8,16,24,164.8752,6.8698
8,17,25,165.08499999999998,6.6034
9,4,13,494.0,38.0
9,5,14,41.1194,2.9371
9,6,3,11374.7997,3791.5999
9,6,15,13.999500000000001,0.9333
9,11,20,0.03,0.0015
9,12,21,1.7997,0.0857
9,13,22,12.3992,0.5636
9,15,24,97.6704,4.0696
9,16,25,96.4425,3.8577
9,19,28,120.3468,4.2981
10,5,15,66.684,4.4456
10,6,4,19975.5892,4993.8973
10,6,16,20.48,1.28
10,7,3,10522.892100000001,3507.6307
10,9,19,0.1596,0.0084
10,13,23,0.1035,0.0045
10,14,24,0.5136,0.0214
10,16,26,18.4288,0.7088
10,17,27,90.7713,3.3619
10,18,28,126.06719999999999,4.5024
10,19,29,149.5037,5.1553
11,6,17,59.6156,3.5068
11,7,4,18163.8832,4540.9708
11,13,24,0.0168,0.0007
11,14,25,1.2,0.048
11,15,26,3.5021999999999998,0.1347
11,16,27,3.7260000000000004,0.138
11,17,28,10.2452,0.3659
11,20,31,13.9717,0.4507
11,21,32,37.2608,1.1644
11,22,33,449.91209999999995,13.6337
11,23,34,599.4166,17.6299
12,7,5,26348.338499999998,5269.6677
12,7,19,60.0001,3.1579
12,8,4,17141.1404,4285.2851
12,8,20,1.862,0.0931
12,9,21,0.7539,0.0359
12,11,23,0.0322,0.0014
12,16,28,0.26039999999999996,0.0093
12,19,31,3.0751999999999997,0.0992
12,20,32,3.2608,0.1019
12,22,34,6.8918,0.2027
12,23,35,269.668,7.7048
12,24,36,690.2388000000001,19.1733
12,25,37,698.9485,18.8905
12,26,38,494.0,13.0
12,27,39,507.0,13.0
13,8,5,24883.153000000002,4976.6306
13,8,21,609.0,29.0
13,9,22,396.0,18.0
13,10,23,0.345,0.015
13,15,28,0.0504,0.0018
13,16,29,0.3451,0.0119
13,18,31,2.2351,0.0721
13,19,32,7.1712,0.2241
13,20,33,6.9861,0.2117
13,21,34,2.1046,0.0619
13,22,35,7.360499999999999,0.2103
13,23,36,149.5044,4.1529
13,24,37,180.2455,4.8715
13,25,38,152.0,4.0
13,26,39,312.0,8.0
13,27,40,280.0,7.0
13,28,41,410.0,10.0
14,8,22,506.0,23.0
14,9,5,23598.173000000003,4719.6346
14,9,23,506.0,22.0
14,10,24,19.4712,0.8113
14,11,25,10.0,0.4
14,12,26,0.10660000000000001,0.0041
14,13,27,0.108,0.004
14,16,30,0.024,0.0008
14,17,31,0.0434,0.0014
14,18,32,0.2976,0.0093
14,19,33,0.6996,0.0212
14,20,34,0.8024,0.0236
14,21,35,35.8575,1.0245
14,22,36,71.7984,1.9944
14,23,37,113.80829999999999,3.0759
14,24,38,104.7926,2.7577
14,25,39,135.5328,3.4752
14,26,40,121.99199999999999,3.0498
14,27,41,287.0,7.0
14,28,42,294.0,7.0
14,29,43,387.0,9.0
15,9,24,504.0,21.0
15,10,5,22028.2645,4405.6529
15,10,25,400.0,16.0
15,11,26,208.0,8.0
15,12,27,9.0018,0.3334
15,15,30,0.066,0.0022
15,17,32,0.0416,0.0013
15,18,33,1.089,0.033
15,19,34,0.8092,0.0238
15,20,35,1.8655,0.0533
15,21,36,13.1148,0.3643
15,22,37,37.9472,1.0256
15,23,38,72.58,1.91
15,24,39,112.64370000000001,2.8883
15,25,40,83.60799999999999,2.0902
15,26,41,120.1628,2.9308
15,27,42,95.00820000000002,2.2621
15,28,43,301.0,7.0
15,29,44,396.0,9.0
15,30,45,495.0,11.0
16,10,6,32526.466800000002,5421.0778
16,10,26,598.0,23.0
16,11,5,20762.6325,4152.5265
16,11,27,405.0,15.0
16,12,28,160.00039999999998,5.7143
16,13,29,13.0413,0.4497
16,14,30,0.207,0.0069
16,21,37,0.1998,0.0054
16,22,38,7.1706,0.1887
16,23,39,50.0019,1.2821
16,25,41,4.1000000000000005,0.1
16,26,42,2.793,0.0665
16,27,43,4.9708,0.1156
16,28,44,5.2184,0.1186
16,29,45,315.0,7.0
16,30,46,414.0,9.0
16,31,47,423.0,9.0
17,10,7,41209.0,5887.0
17,11,6,30462.0,5077.0
17,11,28,504.0,18.0
17,12,29,203.0,7.0
17,13,30,23.877000000000002,0.7959
17,14,31,3.4471999999999996,0.1112
17,21,38,0.0988,0.0026
17,22,39,1.7316,0.0444
17,23,40,32.064,0.8016
17,24,41,68.7242,1.6762
17,25,42,59.6148,1.4194
17,26,43,61.85980000000001,1.4386
17,27,44,85.5668,1.9447
17,28,45,136.1655,3.0259
17,29,46,97.24860000000001,2.1141
17,30,47,188.0,4.0
17,31,48,480.0,10.0
17,32,49,392.0,8.0
18,10,8,51979.832,6497.479
18,11,7,39291.0,5613.0
18,11,29,435.0,15.0
18,12,30,180.0,6.0
18,13,31,186.0,6.0
18,14,32,1.7696,0.0553
18,15,33,0.3993,0.0121
18,17,35,0.679,0.0194
18,19,37,0.2072,0.0056
18,21,39,4.9998000000000005,0.1282
18,23,41,0.34850000000000003,0.0085
18,24,42,5.775,0.1375
18,25,43,5.3105,0.1235
18,26,44,1.5839999999999999,0.036
18,27,45,0.513,0.0114
18,28,46,2.3276,0.0506
18,29,47,1.2126,0.0258
18,30,48,16.7664,0.3493
18,31,49,392.0,8.0
18,32,50,500.0,10.0
18,33,51,408.0,8.0
18,34,52,624.0,12.0
19,11,8,49480.0,6185.0
19,12,31,310.0,10.0
19,13,32,384.0,12.0
19,14,33,198.0,6.0
19,15,34,204.0,6.0
19,16,35,0.511,0.0146
19,18,37,0.0925,0.0025
19,23,42,0.105,0.0025
19,24,43,0.4085,0.0095
19,25,44,0.418,0.0095
19,26,45,0.522,0.0116
19,27,46,0.7268000000000001,0.0158
19,28,47,1.3959000000000001,0.0297
19,29,48,0.7727999999999999,0.0161
19,30,49,0.8036000000000001,0.0164
19,31,50,7.7299999999999995,0.1546
19,32,51,13.0407,0.2557
19,33,52,33.534800000000004,0.6449
19,34,53,111.777,2.109
19,35,54,378.0,7.0
20,11,9,57996.2826,6444.0314
20,12,8,47904.0,5988.0
20,13,33,396.0,12.0
20,14,34,306.0,9.0
20,15,35,210.0,6.0
20,16,36,39.9996,1.1111
20,17,37,0.6327,0.0171
20,29,49,0.1764,0.0036
20,30,50,1.585,0.0317
20,31,51,0.5202,0.0102
20,32,52,0.6708,0.0129
20,33,53,43.778,0.826
20,34,54,48.438,0.897
20,35,55,160.215,2.913
20,36,56,249.6424,4.4579
20,37,57,399.0,7.0
20,38,58,522.0,9.0
20,39,59,590.0,10.0
21,12,9,55845.0,6205.0
21,14,35,385.0,11.0
21,15,36,288.0,8.0
21,16,37,296.0,8.0
21,17,38,190.0,5.0
21,18,39,24.0006,0.6154
21,19,40,2.828,0.0707
21,22,43,1.8618999999999999,0.0433
21,23,44,1.7555999999999998,0.0399
21,25,46,0.6716,0.0146
21,33,54,13.9752,0.2588
21,34,55,62.408500000000004,1.1347
21,35,56,259.6664,4.6369
21,36,57,179.778,3.154
21,37,58,190.0254,3.2763
21,38,59,249.6408,4.2312
21,39,60,480.0,8.0
21,40,61,610.0,10.0
22,12,10,66710.0,6671.0
22,13,9,54099.0,6011.0
22,15,37,407.0,11.0
22,16,38,304.0,8.0
22,17,39,195.0,5.0
22,19,41,27.9456,0.6816
22,22,44,0.6996,0.0159
22,31,53,2.8885,0.0545
22,32,54,15.8328,0.2932
22,33,55,28.875,0.525
22,35,57,205.8783,3.6119
22,36,58,183.338,3.161
22,37,59,295.0,5.0
22,38,60,240.32399999999998,4.0054
22,39,61,305.0,5.0
22,40,62,372.0,6.0
22,41,63,504.0,8.0
23,13,10,64360.0,6436.0
23,16,39,390.0,10.0
23,17,40,280.0,7.0
23,18,41,205.0,5.0
23,19,42,210.0,5.0
23,20,43,42.8495,0.9965
23,26,49,0.8231999999999999,0.0168
23,29,52,0.16119999999999998,0.0031
23,30,53,3.1005000000000003,0.0585
23,32,55,27.016000000000002,0.4912
23,34,57,84.7647,1.4871
23,35,58,95.81599999999999,1.652
23,36,59,137.3992,2.3288
23,37,60,181.944,3.0324
23,38,61,234.9171,3.8511
23,39,62,264.2874,4.2627
23,40,63,339.9984,5.3968
23,41,64,384.0,6.0
23,42,65,520.0,8.0
24,13,11,74195.0,6745.0
24,14,10,62870.0,6287.0
24,17,41,410.0,10.0
24,18,42,294.0,7.0
24,19,43,215.0,5.0
24,20,44,51.2336,1.1644
24,21,45,35.397,0.7866
24,24,48,7.3104,0.1523
24,31,55,0.23099999999999998,0.0042
24,32,56,0.5768,0.0103
24,33,57,1.8639,0.0327
24,34,58,2.9812000000000003,0.0514
24,35,59,0.6726,0.0114
24,36,60,1.1159999999999999,0.0186
24,37,61,1.8605,0.0305
24,38,62,3.4471999999999996,0.0556
24,39,63,72.6579,1.1533
24,40,64,299.9424,4.6866
24,41,65,195.0,3.0
24,42,66,330.0,5.0
24,43,67,402.0,6.0
25,14,11,72127.0,6557.0
25,18,43,387.0,9.0
25,19,44,308.0,7.0
25,20,45,315.0,7.0
25,21,46,86.6272,1.8832
25,22,47,31.668599999999998,0.6738
25,27,52,0.13,0.0025
25,29,54,1.0044,0.0186
25,31,56,0.2912,0.0052
25,33,58,2.7028000000000003,0.0466
25,34,59,2.3305000000000002,0.0395
25,35,60,2.3280000000000003,0.0388
25,36,61,2.3302,0.0382
25,37,62,6.5409999999999995,0.1055
25,38,63,3.7233,0.0591
25,39,64,3.5392,0.0553
25,40,65,3.7245,0.0573
25,41,66,11.180399999999999,0.1694
25,42,67,201.0,3.0
25,43,68,272.0,4.0
25,44,69,414.0,6.0
25,45,70,490.0,7.0
26,15,11,70433.0,6403.0
26,19,45,270.0,6.0
26,20,46,322.0,7.0
26,21,47,517.0,11.0
26,22,48,92.2176,1.9212
26,23,49,24.2207,0.4943
26,24,50,8.385,0.1677
26,25,51,1.3974,0.0274
26,26,52,0.182,0.0035
26,34,60,3.4080000000000004,0.0568
26,35,61,2.6108,0.0428
26,36,62,2.7962000000000002,0.0451
26,38,64,5.0176,0.0784
26,39,65,5.109,0.0786
26,40,66,4.0986,0.0621
26,41,67,3.819,0.057
26,42,68,204.0,3.0
26,43,69,207.0,3.0
26,44,70,280.0,4.0
26,45,71,426.0,6.0
26,46,72,504.0,7.0
26,47,73,511.0,7.0
27,16,11,68376.0,6216.0
27,20,47,611.0,13.0
27,21,48,480.0,10.0
27,22,49,490.0,10.0
27,23,50,125.75,2.515
27,24,51,48.4398,0.9498
27,33,60,0.402,0.0067
27,34,61,0.8418,0.0138
27,35,62,18.5752,0.2996
27,37,64,20.0064,0.3126
27,38,65,2.08,0.032
27,39,66,13.9722,0.2117
27,40,67,6.445399999999999,0.0962
27,42,69,85.698,1.242
27,43,70,10.99,0.157
27,44,71,465.02869999999996,6.5497
27,45,72,288.0,4.0
27,46,73,292.0,4.0
27,47,74,370.0,5.0
27,48,75,375.0,5.0
27,49,76,532.0,7.0
28,16,12,79176.0,6598.0
28,17,11,66616.0,6056.0
28,20,48,432.0,9.0
28,21,49,588.0,12.0
28,22,50,500.0,10.0
28,23,51,510.0,10.0
28,24,52,82.9036,1.5943
28,25,53,25.1485,0.4745
28,26,54,4.6548,0.0862
28,27,55,0.7040000000000001,0.0128
28,37,65,0.48100000000000004,0.0074
28,38,66,1.3992,0.0212
28,39,67,2.8877,0.0431
28,40,68,2.9783999999999997,0.0438
28,41,69,3.726,0.054
28,42,70,2.142,0.0306
28,43,71,2.2365,0.0315
28,44,72,2.2392,0.0311
28,45,73,2.4236,0.0332
28,46,74,222.0,3.0
28,47,75,225.0,3.0
28,48,76,304.0,4.0
28,49,77,385.0,5.0
28,50,78,390.0,5.0
29,16,13,88777.0,6829.0
29,17,12,77100.0,6425.0
29,23,52,624.0,12.0
29,24,53,477.0,9.0
29,25,54,378.0,7.0
29,26,55,155.56199999999998,2.8284
29,27,56,6.3952,0.1142
29,31,60,1.614,0.0269
29,32,61,0.9516,0.0156
29,33,62,0.6386000000000001,0.0103
29,39,68,1.5844,0.0233
29,40,69,1.4006999999999998,0.0203
29,41,70,1.085,0.0155
29,42,71,1.491,0.021
29,43,72,1.3968,0.0194
29,45,74,6.149399999999999,0.0831
29,47,76,0.912,0.012
29,48,77,1.2088999999999999,0.0157
29,50,79,104.9831,1.3289
29,51,80,320.0,4.0
29,52,81,324.0,4.0
29,53,82,410.0,5.0
30,16,14,100184.0,7156.0
30,17,13,87256.0,6712.0
30,24,54,216.0,4.0
30,25,55,385.0,7.0
30,26,56,392.0,7.0
30,27,57,228.0,4.0
30,28,58,50.001799999999996,0.8621
30,39,69,0.7935,0.0115
30,42,72,2.1456,0.0298
30,43,73,1.8615,0.0255
30,44,74,2.516,0.034
30,45,75,1.9575,0.0261
30,51,81,5.0301,0.0621
30,52,82,3.0749999999999997,0.0375
30,53,83,332.0,4.0
30,54,84,420.0,5.0
31,16,15,109800.0,7320.0
31,17,14,98056.0,7004.0
31,25,56,504.0,9.0
31,26,57,399.0,7.0
31,27,58,290.0,5.0
31,28,59,177.0,3.0
31,29,60,180.0,3.0
31,32,63,1.3041,0.0207
31,35,66,1.0956,0.0166
31,37,68,1.4280000000000002,0.021
31,42,73,1.679,0.023
31,43,74,2.997,0.0405
31,44,75,0.6675,0.0089
31,45,76,1.9532,0.0257
31,46,77,2.4255,0.0315
31,49,80,2.888,0.0361
31,50,81,3.2643000000000004,0.0403
31,51,82,2.4272,0.0296
31,52,83,2.6145,0.0315
31,53,84,29.8116,0.3549
31,54,85,37.264,0.4384
31,55,86,430.0,5.0
32,16,16,120832.0,7552.0
32,17,15,108135.0,7209.0
32,26,58,522.0,9.0
32,27,59,413.0,7.0
32,28,60,300.0,5.0
32,29,61,305.0,5.0
32,30,62,124.0,2.0
32,31,63,37.2582,0.5914
32,32,64,3.7248,0.0582
32,34,66,2.4024,0.0364
32,36,68,1.8768,0.0276
32,43,75,0.0525,0.0007
32,45,77,0.053899999999999997,0.0007
32,46,78,3.5334,0.0453
32,48,80,2.056,0.0257
32,49,81,2.0574,0.0254
32,50,82,2.2386,0.0273
32,51,83,2.4236,0.0292
32,52,84,3.1668,0.0377
32,53,85,3.7315,0.0439
32,54,86,437.8002,5.0907
32,55,87,261.0,3.0
32,56,88,440.0,5.0
33,16,17,130067.0,7651.0
33,17,16,118400.0,7400.0
33,27,60,420.0,7.0
33,28,61,305.0,5.0
33,29,62,310.0,5.0
33,30,63,189.0,3.0
33,31,64,192.0,3.0
33,32,65,84.76650000000001,1.3041
33,33,66,5.6826,0.0861
33,37,70,1.4000000000000001,0.02
33,38,71,4.1606,0.0586
33,39,72,4.0824,0.0567
33,43,76,0.8892,0.0117
33,45,78,9.7812,0.1254
33,47,80,3.3360000000000003,0.0417
33,49,82,3.731,0.0455
33,50,83,2.7971,0.0337
33,51,84,3.1668,0.0377
33,52,85,3.0770000000000004,0.0362
33,53,86,3.4486,0.0401
33,54,87,2.9840999999999998,0.0343
33,55,88,176.0,2.0
33,56,89,267.0,3.0
33,57,90,360.0,4.0
34,17,17,128010.0,7530.0
34,29,63,504.0,8.0
34,30,64,512.0,8.0
34,31,65,325.0,5.0
34,32,66,198.0,3.0
34,33,67,67.067,1.001
34,34,68,0.4964,0.0073
34,36,70,1.5819999999999999,0.0226
34,37,71,2.7973999999999997,0.0394
34,38,72,1.9584,0.0272
34,45,79,0.2212,0.0028
34,49,83,3.0378,0.0366
34,51,85,2.6095,0.0307
34,52,86,2.5198,0.0293
34,53,87,2.2446,0.0258
34,54,88,3.3615999999999997,0.0382
34,55,89,3.7291,0.0419
34,56,90,329.751,3.6639
34,57,91,433.14180000000005,4.7598
34,58,92,368.0,4.0
35,17,18,138186.0,7677.0
35,18,17,125562.0,7386.0
35,30,65,520.0,8.0
35,31,66,396.0,6.0
35,32,67,268.0,4.0
35,33,68,272.0,4.0
35,34,69,42.0003,0.6087
35,35,70,14.903,0.2129
35,37,72,1.0224,0.0142
35,40,75,4.2825,0.0571
35,41,76,9.3252,0.1227
35,42,77,2.8104999999999998,0.0365
35,43,78,3.5802,0.0459
35,50,85,3.0770000000000004,0.0362
35,51,86,3.0787999999999998,0.0358
35,52,87,3.1668000000000003,0.0364
35,53,88,3.1679999999999997,0.036
35,54,89,3.2663,0.0367
35,55,90,3.357,0.0373
35,56,91,3.5399,0.0389
35,57,92,6.7068,0.0729
35,58,93,430.81319999999994,4.6324
35,59,94,188.0,2.0
35,60,95,285.0,3.0
36,17,19,148048.0,7792.0
36,18,18,136404.0,7578.0
36,31,67,402.0,6.0
36,32,68,476.0,7.0
36,33,69,276.0,4.0
36,34,70,210.0,3.0
36,36,72,8.0136,0.1113
36,37,73,6.5773,0.0901
36,39,75,8.1075,0.1081
36,41,77,1.9558,0.0254
36,43,79,3.4839,0.0441
36,49,85,1.9975,0.0235
36,51,87,0.2436,0.0028
36,52,88,2.6048,0.0296
36,53,89,2.1449,0.0241
36,54,90,1.863,0.0207
36,55,91,2.2386,0.0246
36,56,92,2.7048,0.0294
36,57,93,2.511,0.027
36,58,94,12.1072,0.1288
36,59,95,18.6295,0.1961
36,61,97,130.4068,1.3444
36,62,98,294.0,3.0
37,18,19,145597.0,7663.0
37,34,71,426.0,6.0
37,35,72,504.0,7.0
37,36,73,40.7924,0.5588
37,38,75,1.1775,0.0157
37,39,76,0.9348,0.0123
37,40,77,1.3013,0.0169
37,41,78,3.237,0.0415
37,43,80,1.864,0.0233
37,45,82,3.0094000000000003,0.0367
37,49,86,0.1978,0.0023
37,62,99,4.0293,0.0407
37,64,101,20.4929,0.2029
38,19,19,143697.0,7563.0
38,35,73,365.0,5.0
38,36,74,74.0,1.0
38,37,75,220.005,2.9334
38,38,76,34.466,0.4535
38,39,77,7.9156,0.1028
38,40,78,7.449,0.0955
38,42,80,3.464,0.0433
38,43,81,3.1266000000000003,0.0386
38,63,101,8.484,0.084
38,64,102,67.065,0.6575
38,65,103,206.0,2.0
38,66,104,312.0,3.0
39,20,19,141303.0,7437.0
39,36,75,300.0,4.0
39,37,76,304.0,4.0
39,38,77,231.0,3.0
39,39,78,312.0,4.0
39,40,79,80.106,1.014
39,41,80,6.24,0.078
39,42,81,5.402699999999999,0.0667
39,43,82,5.5022,0.0671
39,44,83,18.6335,0.2245
39,46,85,18.9635,0.2231
39,47,86,14.138399999999999,0.1644
39,48,87,1.131,0.013
39,49,88,1.496,0.017
39,58,97,6.7124,0.0692
39,59,98,7.9184,0.0808
39,60,99,6.6132,0.0668
39,61,100,11.18,0.1118
39,62,101,7.0801,0.0701
39,63,102,4.08,0.04
39,64,103,11.206399999999999,0.1088
39,65,104,208.0,2.0
39,66,105,420.0,4.0
39,67,106,530.0,5.0
39,68,107,535.0,5.0
40,20,20,152540.0,7627.0
40,21,19,139308.0,7332.0
40,37,77,385.0,5.0
40,38,78,390.0,5.0
40,39,79,316.0,4.0
40,40,80,320.0,4.0
40,41,81,92.2185,1.1385
40,42,82,1.5826,0.0193
40,43,83,6.4325,0.0775
40,44,84,5.502000000000001,0.0655
40,45,85,6.426,0.0756
40,63,103,9.218499999999999,0.0895
40,64,104,9.3184,0.0896
40,65,105,12.1065,0.1153
40,66,106,212.0,2.0
40,67,107,321.0,3.0
40,68,108,432.0,4.0
40,69,109,545.0,5.0
41,20,21,161448.0,7688.0
41,21,20,150060.0,7503.0
41,38,79,474.0,6.0
41,39,80,400.0,5.0
41,40,81,405.0,5.0
41,41,82,328.0,4.0
41,42,83,162.0824,1.9528
41,43,84,0.40319999999999995,0.0048
41,44,85,4.097,0.0482
41,45,86,5.4954,0.0639
41,46,87,6.803400000000001,0.0782
41,57,98,4.997999999999999,0.051
41,58,99,12.008700000000001,0.1213
41,59,100,7.9799999999999995,0.0798
41,60,101,3.7471,0.0371
41,62,103,3.9345999999999997,0.0382
41,63,104,1.7888,0.0172
41,64,105,4.032,0.0384
41,66,107,8.025,0.075
41,67,108,8.240400000000001,0.0763
41,68,109,430.8116,3.9524
41,69,110,838.343,7.6213
41,70,111,333.0,3.0
41,71,112,336.0,3.0
41,72,113,452.0,4.0
42,20,22,172172.0,7826.0
42,21,21,159663.0,7603.0
42,39,81,486.0,6.0
42,40,82,410.0,5.0
42,41,83,415.0,5.0
42,42,84,336.0,4.0
42,43,85,15.8355,0.1863
42,44,86,2.9326,0.0341
42,46,88,3.8192,0.0434
42,47,89,3.916,0.044
42,51,93,0.186,0.002
42,59,101,0.3131,0.0031
42,61,103,9.218499999999999,0.0895
42,64,106,9.1266,0.0861
42,65,107,9.2234,0.0862
42,66,108,9.2232,0.0854
42,67,109,11.183399999999999,0.1026
42,68,110,24.222,0.2202
42,69,111,12.5763,0.1133
42,70,112,224.0,2.0
42,71,113,339.0,3.0
42,72,114,342.0,3.0
42,73,115,345.0,3.0
42,74,116,464.0,4.0
43,20,23,181562.0,7894.0
43,21,22,169972.0,7726.0
43,40,83,498.0,6.0
43,41,84,420.0,5.0
43,42,85,425.0,5.0
43,43,86,258.0,3.0
43,44,87,4.1934,0.0482
43,45,88,4.1008000000000004,0.0466
43,46,89,3.8181000000000003,0.0429
43,47,90,1.026,0.0114
43,50,93,1.0137,0.0109
43,51,94,4.0702,0.0433
43,53,96,5.1456,0.0536
43,57,100,1.35,0.0135
43,58,101,24.0077,0.2377
43,60,103,9.8056,0.0952
43,63,106,12.253599999999999,0.1156
43,64,107,8.6777,0.0811
43,65,108,8.769599999999999,0.0812
43,66,109,9.6683,0.0887
43,67,110,9.493,0.0863
43,68,111,10.578299999999999,0.0953
43,69,112,5.5104,0.0492
43,70,113,3.3561,0.0297
43,71,114,433.14300000000003,3.7995
43,72,115,230.0,2.0
43,73,116,348.0,3.0
43,74,117,351.0,3.0
43,75,118,354.0,3.0
43,76,119,476.0,4.0
44,20,24,192624.0,8026.0
44,21,23,180067.0,7829.0
44,41,85,510.0,6.0
44,42,86,430.0,5.0
44,43,87,435.0,5.0
44,44,88,264.0,3.0
44,45,89,24.216900000000003,0.2721
44,53,97,2.7645,0.0285
44,63,107,8.6777,0.0811
44,64,108,8.6832,0.0804
44,65,109,8.9489,0.0821
44,67,111,9.6792,0.0872
44,68,112,9.5984,0.0857
44,70,114,3.5568,0.0312
44,71,115,25.162,0.2188
44,72,116,3.7236,0.0321
44,73,117,433.14570000000003,3.7021
44,74,118,236.0,2.0
44,75,119,357.0,3.0
44,76,120,360.0,3.0
44,77,121,363.0,3.0
44,78,122,488.0,4.0
45,21,24,190536.0,7939.0
45,43,88,440.0,5.0
45,44,89,356.0,4.0
45,45,90,180.0,2.0
45,46,91,273.0,3.0
45,47,92,4.3792,0.0476
45,51,96,10.0032,0.1042
45,52,97,35.4632,0.3656
45,53,98,11.907,0.1215
45,57,102,6.4056,0.0628
45,59,104,2.2984,0.0221
45,62,107,12.048200000000001,0.1126
45,63,108,13.996799999999999,0.1296
45,68,113,7.1303,0.0631
45,70,115,7.314,0.0636
45,72,117,8.892,0.076
45,73,118,24.2372,0.2054
45,74,119,9.317699999999999,0.0783
45,75,120,240.0,2.0
45,76,121,619.4474,5.1194
45,77,122,244.0,2.0
45,78,123,369.0,3.0
45,79,124,372.0,3.0
45,80,125,500.0,4.0
46,21,25,200750.0,8030.0
46,22,24,189216.0,7884.0
46,44,90,360.0,4.0
46,45,91,455.0,5.0
46,46,92,345.0276,3.7503
46,47,93,370.00980000000004,3.9786
46,48,94,4.2864,0.0456
46,49,95,3.0305,0.0319
46,50,96,4.1952,0.0437
46,51,97,4.8403,0.0499
46,57,103,0.8755000000000001,0.0085
46,58,104,1.3416,0.0129
46,65,111,0.7326,0.0066
46,67,113,6.9495,0.0615
46,68,114,6.954,0.061
46,70,116,7.134,0.0615
46,73,119,8.2467,0.0693
46,75,121,3.3516999999999997,0.0277
46,76,122,19.5566,0.1603
46,77,123,789.4386,6.4182
46,78,124,248.0,2.0
46,79,125,375.0,3.0
46,80,126,378.0,3.0
46,81,127,508.0,4.0
46,82,128,512.0,4.0
47,22,25,198875.0,7955.0
47,45,92,368.0,4.0
47,46,93,372.0,4.0
47,47,94,376.0,4.0
47,48,95,380.0,4.0
47,49,96,90.0864,0.9384
47,50,97,12.0183,0.1239
47,52,99,6.266699999999999,0.0633
47,53,100,5.0,0.05
47,54,101,4.837899999999999,0.0479
47,55,102,8.170200000000001,0.0801
47,56,103,4.0994,0.0398
47,57,104,4.2223999999999995,0.0406
47,61,108,2.3868,0.0221
47,64,111,1.4541,0.0131
47,65,112,2.4192,0.0216
47,66,113,16.6449,0.1473
47,67,114,4.5600000000000005,0.04
47,69,116,3.2596,0.0281
47,71,118,2.5134,0.0213
47,73,120,4.476,0.0373
47,74,121,12.1121,0.1001
47,75,122,38.186,0.313
47,76,123,32.6073,0.2651
47,77,124,251.50920000000002,2.0283
47,78,125,433.15,3.4652
47,79,126,252.0,2.0
47,80,127,254.0,2.0
47,81,128,256.0,2.0
47,82,129,387.0,3.0
47,83,130,390.0,3.0
47,84,131,524.0,4.0
48,22,26,209976.0,8076.0
48,23,25,197375.0,7895.0
48,46,94,470.0,5.0
48,47,95,570.0,6.0
48,48,96,384.0,4.0
48,49,97,420.1749,4.3317
48,50,98,51.793,0.5285
48,51,99,1.584,0.016
48,52,100,1.68,0.0168
48,53,101,1.4948000000000001,0.0148
48,69,117,1.0179,0.0087
48,70,118,20.001,0.1695
48,72,120,3.7319999999999998,0.0311
48,73,121,1.9481,0.0161
48,77,125,2.8874999999999997,0.0231
48,79,127,6.1976,0.0488
48,81,129,5.3148,0.0412
48,82,130,22.36,0.172
48,84,132,60.0732,0.4551
48,85,133,266.0,2.0
49,23,26,207896.0,7996.0
49,47,96,480.0,5.0
49,48,97,388.0,4.0
49,49,98,294.0,3.0
49,50,99,297.0,3.0
49,51,100,2.2399999999999998,0.0224
49,52,101,11.6655,0.1155
49,55,104,5.772,0.0555
49,56,105,10.248000000000001,0.0976
49,57,106,12.2218,0.1153
49,61,110,11.549999999999999,0.105
49,67,116,0.2204,0.0019
49,71,120,40.007999999999996,0.3334
49,72,121,27.418599999999998,0.2266
49,73,122,50.0566,0.4103
49,76,125,1.7750000000000001,0.0142
49,77,126,4.1958,0.0333
49,79,128,1.3184,0.0103
49,83,132,60.0336,0.4548
49,84,133,266.0,2.0
49,85,134,134.0,1.0
49,86,135,270.0,2.0
50,23,27,218214.0,8082.0
50,24,26,206518.0,7943.0
50,49,99,594.0,6.0
50,50,100,240.01000000000002,2.4001
50,51,101,300.0003,2.9703
50,52,102,100.1028,0.9814
50,53,103,103.0,1.0
50,57,107,5.3072,0.0496
50,60,110,13.772,0.1252
50,61,111,5.339099999999999,0.0481
50,75,125,1.325,0.0106
50,76,126,10.6848,0.0848
50,84,134,3.1624,0.0236
50,85,135,3.0780000000000003,0.0228
50,86,136,136.0,1.0
50,87,137,274.0,2.0
51,23,28,228200.0,8150.0
51,24,27,215919.0,7997.0
51,51,102,408.0,4.0
51,52,103,309.0,3.0
51,53,104,104.0,1.0
51,54,105,21.8295,0.2079
51,55,106,7.4518,0.0703
51,57,108,5.4972,0.0509
51,59,110,5.962,0.0542
51,60,111,8.846699999999998,0.0797
51,61,112,17.8304,0.1592
51,62,113,17.1873,0.1521
51,64,115,16.031,0.1394
51,67,118,3.0208,0.0256
51,69,120,7.199999999999999,0.06
51,73,124,1.3639999999999999,0.011
51,74,125,2.5125,0.0201
51,75,126,31.852800000000002,0.2528
51,77,128,18.7904,0.1468
51,78,129,21.2205,0.1645
51,83,134,3.0686,0.0229
51,86,137,52.1696,0.3808
51,87,138,276.0,2.0
51,88,139,417.0,3.0
51,89,140,560.0,4.0
52,24,28,226464.0,8088.0
52,52,104,317.6056,3.0539
52,53,105,300.0165,2.8573
52,54,106,100.541,0.9485
52,55,107,107.0,1.0
52,59,111,6.4269,0.0579
52,60,112,8.3888,0.0749
52,61,113,27.9449,0.2473
52,62,114,24.4302,0.2143
52,63,115,27.945,0.243
52,66,118,18.3018,0.1551
52,67,119,7.2828,0.0612
52,79,131,0.0655,0.0005
52,87,139,3.5444999999999998,0.0255
52,89,141,423.0,3.0
52,90,142,568.0,4.0
53,25,28,224000.0,8000.0
53,53,106,424.0,4.0
53,54,107,321.0,3.0
53,55,108,108.0,1.0
53,56,109,6.7253,0.0617
53,57,110,61.941,0.5631
53,59,112,10.248,0.0915
53,60,113,8.011700000000001,0.0709
53,61,114,20.029799999999998,0.1757
53,62,115,28.8765,0.2511
53,65,118,19.765,0.1675
53,66,119,21.7056,0.1824
53,67,120,15.096,0.1258
53,69,122,5.1850000000000005,0.0425
53,71,124,2.294,0.0185
53,72,125,1.35,0.0108
53,77,130,3.159,0.0243
53,78,131,0.6026,0.0046
53,84,137,8.3844,0.0612
53,85,138,5.961600000000001,0.0432
53,86,139,4.0032,0.0288
53,87,140,12.11,0.0865
53,88,141,15.834299999999999,0.1123
53,89,142,4.941599999999999,0.0348
53,90,143,143.0,1.0
53,91,144,432.0,3.0
53,92,145,435.0,3.0
54,25,29,233276.0,8044.0
54,26,28,222180.0,7935.0
54,54,108,379.5012,3.5139
54,55,109,300.1097,2.7533
54,56,110,100.991,0.9181
54,57,111,111.0,1.0
54,58,112,8.288,0.074
54,60,114,11.1834,0.0981
54,61,115,12.1095,0.1053
54,63,117,10.3779,0.0887
54,64,118,10.383999999999999,0.088
54,66,120,11.82,0.0985
54,68,122,11.1142,0.0911
54,79,133,2.3939999999999997,0.018
54,83,137,0.1096,0.0008
54,85,139,2.1406,0.0154
54,86,140,2.324,0.0166
54,87,141,2.8905000000000003,0.0205
54,88,142,2.698,0.019
54,89,143,4.6617999999999995,0.0326
54,90,144,5.3136,0.0369
54,91,145,11.1795,0.0771
54,92,146,24.2214,0.1659
54,93,147,147.0,1.0
55,25,30,242700.0,8090.0
55,26,29,230985.0,7965.0
55,56,111,222.0,2.0
55,57,112,112.0,1.0
55,58,113,8.576699999999999,0.0759
55,59,114,85.0668,0.7462
55,60,115,115.0,1.0
55,61,116,116.0,1.0
55,62,117,62.4078,0.5334
55,63,118,12.7558,0.1081
55,64,119,13.934899999999999,0.1171
55,65,120,9.972,0.0831
55,68,123,12.1155,0.0985
55,69,124,9.151200000000001,0.0738
55,76,131,0.1834,0.0014
55,81,136,1.8768,0.0138
55,82,137,0.3014,0.0022
55,84,139,3.1275,0.0225
55,91,146,2.8908,0.0198
55,92,147,8.379,0.057
55,93,148,13.0388,0.0881
55,94,149,447.0,3.0
55,95,150,450.0,3.0
56,25,31,251844.0,8124.0
56,26,30,240960.0,8032.0
56,57,113,339.0,3.0
56,58,114,102.6798,0.9007
56,59,115,230.0,2.0
56,60,116,232.0,2.0
56,61,117,250.33320000000003,2.1396
56,62,118,236.0,2.0
56,63,119,200.26510000000002,1.6829
56,64,120,300.168,2.5014
56,65,121,141.8967,1.1727
56,66,122,27.9502,0.2291
56,67,123,12.1155,0.0985
56,68,124,12.4992,0.1008
56,70,126,12.4992,0.0992
56,75,131,0.4192,0.0032
56,83,139,0.2502,0.0018
56,89,145,8.4825,0.0585
56,90,146,1.7666,0.0121
56,91,147,19.7421,0.1343
56,92,148,1.4948,0.0101
56,93,149,2.5180999999999996,0.0169
56,94,150,5.6850000000000005,0.0379
56,95,151,453.0,3.0
56,96,152,456.0,3.0
57,25,32,261152.0,8161.0
57,26,31,249550.0,8050.0
57,59,116,348.0,3.0
57,60,117,234.0,2.0
57,61,118,354.0,3.0
57,62,119,357.0,3.0
57,63,120,240.0,2.0
57,64,121,242.0,2.0
57,65,122,244.0,2.0
57,66,123,246.0,2.0
57,67,124,56.668,0.457
57,69,126,90.50580000000001,0.7183
57,71,128,54.4512,0.4254
57,73,130,25.948,0.1996
57,74,131,27.9423,0.2133
57,76,133,27.9433,0.2101
57,77,134,19.9258,0.1487
57,79,136,53.176,0.391
57,80,137,1.6440000000000001,0.012
57,87,144,12.9312,0.0898
57,90,147,10.7163,0.0729
57,91,148,19.462,0.1315
57,92,149,200.256,1.344
57,93,150,2.52,0.0168
57,94,151,435.4689,2.8839
57,95,152,304.0,2.0
57,96,153,306.0,2.0
57,97,154,308.0,2.0
58,25,33,270237.0,8189.0
58,26,32,259488.0,8109.0
58,61,119,476.0,4.0
58,62,120,480.0,4.0
58,63,121,363.0,3.0
58,64,122,366.0,3.0
58,65,123,246.0,2.0
58,66,124,248.0,2.0
58,67,125,250.0,2.0
58,68,126,27.9468,0.2218
58,69,127,28.8798,0.2274
58,70,128,27.9424,0.2183
58,71,129,27.941399999999998,0.2166
58,72,130,27.95,0.215
58,75,133,16.358999999999998,0.123
58,76,134,20.381400000000003,0.1521
58,86,144,2.8367999999999998,0.0197
58,91,149,10.2512,0.0688
58,93,151,17.6972,0.1172
58,94,152,152.0,1.0
58,95,153,153.0,1.0
58,96,154,154.0,1.0
58,97,155,310.0,2.0
58,98,156,312.0,2.0
58,99,157,471.0,3.0
59,25,34,279650.0,8225.0
59,26,33,267993.0,8121.0
59,62,121,484.0,4.0
59,63,122,488.0,4.0
59,64,123,369.0,3.0
59,65,124,372.0,3.0
59,66,125,250.0,2.0
59,67,126,252.0,2.0
59,68,127,254.0,2.0
59,69,128,29.8112,0.2329
59,70,129,29.8119,0.2311
59,71,130,64.272,0.4944
59,73,132,28.8816,0.2188
59,74,133,12.502,0.094
59,75,134,20.314400000000003,0.1516
59,76,135,11.8125,0.0875
59,79,138,10.018799999999999,0.0726
59,81,140,6.146,0.0439
59,85,144,2.7072000000000003,0.0188
59,90,149,9.8787,0.0663
59,93,152,18.544,0.122
59,95,154,100.0076,0.6494
59,97,156,1.0296,0.0066
59,98,157,3.1713999999999998,0.0202
59,99,158,316.0,2.0
59,100,159,477.0,3.0
60,26,34,278120.0,8180.0
60,64,124,496.0,4.0
60,65,125,375.0,3.0
60,66,126,252.0,2.0
60,67,127,254.0,2.0
60,68,128,256.0,2.0
60,69,129,258.0,2.0
60,70,130,27.95,0.215
60,72,132,24.2088,0.1834
60,73,133,46.5766,0.3502
60,74,134,11.8188,0.0882
60,75,135,19.1295,0.1417
60,76,136,11.8184,0.0869
60,80,140,3.262,0.0233
60,81,141,3.1866,0.0226
60,89,149,2.0562,0.0138
60,94,154,1.0318,0.0067
60,96,156,1.3104,0.0084
60,98,158,1.3114000000000001,0.0083
60,99,159,29.8125,0.1875
60,100,160,46.57600000000001,0.2911
60,101,161,322.0,2.0
61,26,35,286440.0,8184.0
61,27,34,275808.0,8112.0
61,65,126,504.0,4.0
61,66,127,381.0,3.0
61,67,128,256.0,2.0
61,68,129,258.0,2.0
61,69,130,260.0,2.0
61,70,131,262.0,2.0
61,71,132,132.0,1.0
61,72,133,50.300599999999996,0.3782
61,73,134,41.915200000000006,0.3128
61,74,135,82.9035,0.6141
61,75,136,69.0744,0.5079
61,76,137,13.0424,0.0952
61,79,140,24.22,0.173
61,80,141,13.973099999999999,0.0991
61,85,146,4.2778,0.0293
61,87,148,5.683199999999999,0.0384
61,89,150,20.025000000000002,0.1335
61,93,154,25.025000000000002,0.1625
61,99,160,2.048,0.0128
61,100,161,9.0321,0.0561
61,101,162,324.0,2.0
61,102,163,326.0,2.0
62,27,35,284900.0,8140.0
62,66,128,512.0,4.0
62,67,129,516.0,4.0
62,68,130,390.0,3.0
62,69,131,393.0,3.0
62,70,132,264.0,2.0
62,71,133,266.0,2.0
62,72,134,134.0,1.0
62,73,135,154.629,1.1454
62,74,136,12.4984,0.0919
62,76,138,11.8128,0.0856
62,77,139,10.8837,0.0783
62,78,140,12.502,0.0893
62,91,153,1.0251000000000001,0.0067
62,93,155,1.333,0.0086
62,98,160,1.9520000000000002,0.0122
62,101,163,7.3513,0.0451
62,102,164,4.1000000000000005,0.025
62,103,165,330.0,2.0
63,27,36,294300.0,8175.0
63,28,35,282730.0,8078.0
63,67,130,520.0,4.0
63,68,131,393.0,3.0
63,69,132,396.0,3.0
63,70,133,266.0,2.0
63,71,134,268.0,2.0
63,72,135,135.0,1.0
63,73,136,136.0,1.0
63,74,137,4.384,0.032
63,75,138,27.945,0.2025
63,76,139,13.1494,0.0946
63,77,140,51.534,0.3681
63,79,142,30.0614,0.2117
63,80,143,10.982399999999998,0.0768
63,97,160,0.912,0.0057
63,100,163,0.9128,0.0056
63,103,166,166.0,1.0
63,104,167,334.0,2.0
63,105,168,336.0,2.0
64,28,36,292824.0,8134.0
64,69,133,532.0,4.0
64,70,134,402.0,3.0
64,71,135,405.0,3.0
64,72,136,272.0,2.0
64,73,137,274.0,2.0
64,74,138,138.0,1.0
64,75,139,139.0,1.0
64,76,140,27.944,0.1996
64,77,141,19.7541,0.1401
64,78,142,27.9456,0.1968
64,79,143,200.30010000000001,1.4007
64,80,144,27.9504,0.1941
64,97,161,1.4972999999999999,0.0093
64,98,162,3.9690000000000003,0.0245
64,102,166,1.577,0.0095
64,104,168,336.0,2.0
64,105,169,338.0,2.0
64,106,170,510.0,3.0
65,28,37,301651.5391,8152.7443
65,29,36,290700.0,8075.0
65,70,135,405.0,3.0
65,71,136,544.0,4.0
65,72,137,411.0,3.0
65,73,138,276.0,2.0
65,74,139,278.0,2.0
65,75,140,800.4920000000001,5.7178
65,76,141,105.2565,0.7465
65,77,142,700.557,4.9335
65,78,143,51.2369,0.3583
65,79,144,27.9504,0.1941
65,87,152,40.0064,0.2632
65,89,154,45.3068,0.2942
65,90,155,9.827,0.0634
65,97,162,2.0574,0.0127
65,98,163,4.0587,0.0249
65,99,164,1.8696000000000002,0.0114
65,103,168,4.2,0.025
65,104,169,338.0,2.0
65,105,170,340.0,2.0
65,106,171,342.0,2.0
65,107,172,516.0,3.0
66,29,37,300144.0,8112.0
66,72,138,552.0,4.0
66,73,139,556.0,4.0
66,74,140,420.0,3.0
66,75,141,282.0,2.0
66,76,142,710.0,5.0
66,77,143,13.0416,0.0912
66,78,144,7.1712,0.0498
66,79,145,6.5249999999999995,0.045
66,81,147,8.8494,0.0602
66,85,151,3.2464999999999997,0.0215
66,86,152,4.5904,0.0302
66,99,165,0.693,0.0042
66,100,166,0.7968,0.0048
66,101,167,4.008,0.024
66,102,168,140.0112,0.8334
66,103,169,300.6679,1.7791
66,104,170,170.0,1.0
66,105,171,171.0,1.0
66,106,172,344.0,2.0
66,107,173,346.0,2.0
66,108,174,522.0,3.0
67,29,38,309776.0,8152.0
67,30,37,298109.0,8057.0
67,73,140,560.0,4.0
67,74,141,423.0,3.0
67,75,142,426.0,3.0
67,76,143,286.0,2.0
67,77,144,8.4816,0.0589
67,78,145,7.453,0.0514
67,81,148,83.8272,0.5664
67,84,151,8.305,0.055
67,86,153,5.064299999999999,0.0331
67,87,154,8.223600000000001,0.0534
67,89,156,38.422799999999995,0.2463
67,91,158,27.1128,0.1716
67,92,159,3.0527999999999995,0.0192
67,93,160,15.024,0.0939
67,100,167,5.1937,0.0311
67,101,168,30.004800000000003,0.1786
67,102,169,20.0434,0.1186
67,103,170,50.014,0.2942
67,104,171,600.0047999999999,3.5088
67,105,172,172.0,1.0
67,106,173,346.0,2.0
67,107,174,348.0,2.0
67,108,175,350.0,2.0
67,109,176,528.0,3.0
68,30,38,308332.0,8114.0
68,74,142,568.0,4.0
68,75,143,429.0,3.0
68,76,144,144.0,1.0
68,77,145,145.0,1.0
68,79,147,38.190599999999996,0.2598
68,80,148,10.2416,0.0692
68,81,149,27.9375,0.1875
68,83,151,16.4741,0.1091
68,87,155,6.076,0.0392
68,91,159,3.6411000000000002,0.0229
68,93,161,8.7745,0.0545
68,101,169,0.30419999999999997,0.0018
68,105,173,173.0,1.0
68,106,174,348.0,2.0
68,107,175,350.0,2.0
68,108,176,352.0,2.0
68,109,177,531.0,3.0
68,110,178,534.0,3.0
69,30,39,317031.0,8129.0
69,31,38,306166.0,8057.0
69,75,144,432.0,3.0
69,76,145,145.0,1.0
69,77,146,146.0,1.0
69,79,148,10.2416,0.0692
69,80,149,149.0,1.0
69,81,150,150.0,1.0
69,85,154,14.4144,0.0936
69,86,155,9.92,0.064
69,88,157,27.945999999999998,0.178
69,90,159,27.9522,0.1758
69,92,161,27.9496,0.1736
69,93,162,26.0658,0.1609
69,94,163,5.509399999999999,0.0338
69,97,166,11.5536,0.0696
69,104,173,4.3942,0.0254
69,105,174,44.718,0.257
69,106,175,49.9975,0.2857
69,107,176,100.0032,0.5682
69,108,177,177.0,1.0
69,109,178,356.0,2.0
69,110,179,358.0,2.0
69,111,180,360.0,2.0
70,30,40,326840.0,8171.0
70,31,39,315471.0,8089.0
70,78,148,444.0,3.0
70,79,149,298.0,2.0
70,80,150,300.0,2.0
70,81,151,300.49,1.99
70,83,153,153.0,1.0
70,85,155,16.6005,0.1071
70,89,159,17.5854,0.1106
70,90,160,5.4879999999999995,0.0343
70,91,161,15.101799999999999,0.0938
70,92,162,15.098400000000002,0.0932
70,93,163,15.110100000000001,0.0927
70,94,164,15.1044,0.0921
70,96,166,7.0052,0.0422
70,99,169,0.1859,0.0011
70,107,177,0.2301,0.0013
70,109,179,179.0,1.0
70,110,180,360.0,2.0
70,111,181,362.0,2.0
70,112,182,364.0,2.0
71,31,40,324720.0,8118.0
71,79,150,300.0,2.0
71,80,151,302.0,2.0
71,81,152,152.0,1.0
71,82,153,150.0165,0.9805
71,83,154,154.0,1.0
71,85,156,54.1164,0.3469
71,87,158,15.1206,0.0957
71,88,159,37.6671,0.2369
71,89,160,56.816,0.3551
71,90,161,27.9496,0.1736
71,91,162,75.0384,0.4632
71,92,163,27.9382,0.1714
71,93,164,27.9456,0.1704
71,95,166,29.8136,0.1796
71,96,167,37.2577,0.2231
71,98,169,3.0082,0.0178
71,99,170,16.846999999999998,0.0991
71,109,180,70.72200000000001,0.3929
71,110,181,125.7588,0.6948
71,111,182,182.0,1.0
71,112,183,80.1174,0.4378
71,113,184,184.0,1.0
71,114,185,370.0,2.0
72,32,40,323240.0,8081.0
72,81,153,306.0,2.0
72,82,154,308.0,2.0
72,83,155,310.0,2.0
72,85,157,157.0,1.0
72,87,159,16.8063,0.1057
72,93,165,27.951,0.1694
72,94,166,27.9378,0.1683
72,95,167,27.9391,0.1673
72,96,168,27.9384,0.1663
72,97,169,27.952599999999997,0.1654
72,98,170,27.947999999999997,0.1644
72,99,171,28.881899999999998,0.1689
72,100,172,24.424,0.142
72,101,173,27.939500000000002,0.1615
72,109,181,1.4299000000000002,0.0079
72,110,182,6.1697999999999995,0.0339
72,111,183,30.048600000000004,0.1642
72,112,184,39.7072,0.2158
72,113,185,64.26899999999999,0.3474
72,114,186,51.224399999999996,0.2754
72,115,187,187.0,1.0
72,116,188,376.0,2.0
73,32,41,331977.0,8097.0
73,33,40,321080.0,8027.0
73,82,155,310.0,2.0
73,83,156,312.0,2.0
73,84,157,150.0449,0.9557
73,85,158,158.0,1.0
73,86,159,19.6842,0.1238
73,87,160,54.32000000000001,0.3395
73,88,161,24.375400000000003,0.1514
73,89,162,63.3258,0.3909
73,90,163,38.060500000000005,0.2335
73,91,164,27.9456,0.1704
73,93,166,27.9378,0.1683
73,94,167,27.9391,0.1673
73,95,168,27.9384,0.1663
73,96,169,27.952599999999997,0.1654
73,97,170,27.947999999999997,0.1644
73,98,171,27.941399999999998,0.1634
73,99,172,27.95,0.1625
73,100,173,27.939500000000002,0.1615
73,101,174,27.944399999999998,0.1606
73,102,175,27.9475,0.1597
73,103,176,30.7472,0.1747
73,104,177,3.3099000000000003,0.0187
73,105,178,0.0,0.0
73,107,180,2.07,0.0115
73,110,183,1.5920999999999998,0.0087
73,111,184,26.017599999999998,0.1414
73,112,185,14.1525,0.0765
73,113,186,60.0036,0.3226
73,114,187,55.8943,0.2989
73,115,188,188.0,1.0
73,116,189,189.0,1.0
73,117,190,190.0,1.0
74,33,41,330501.0,8061.0
74,83,157,471.0,3.0
74,84,158,316.0,2.0
74,85,159,318.0,2.0
74,87,161,161.0,1.0
74,89,163,58.4192,0.3584
74,97,171,27.941399999999998,0.1634
74,98,172,27.95,0.1625
74,99,173,27.939500000000002,0.1615
74,100,174,27.944399999999998,0.1606
74,101,175,27.9475,0.1597
74,102,176,27.9488,0.1588
74,103,177,27.948300000000003,0.1579
74,104,178,15.2012,0.0854
74,107,181,1.448,0.008
74,114,188,3.0832,0.0164
74,115,189,189.0,1.0
74,117,191,41.9245,0.2195
74,118,192,192.0,1.0
74,119,193,193.0,1.0
74,120,194,388.0,2.0
75,33,42,340032.0,8096.0
75,34,41,328492.0,8012.0
75,84,159,318.0,2.0
75,85,160,320.0,2.0
75,87,162,162.0,1.0
75,88,163,18.5331,0.1137
75,89,164,54.5464,0.3326
75,90,165,23.595,0.143
75,91,166,88.2456,0.5316
75,92,167,0.0,0.0
75,93,168,30.828,0.1835
75,94,169,11.3737,0.0673
75,96,171,27.941399999999998,0.1634
75,98,173,27.939500000000002,0.1615
75,99,174,27.944399999999998,0.1606
75,100,175,27.9475,0.1597
75,101,176,27.9488,0.1588
75,102,177,27.948300000000003,0.1579
75,103,178,27.946,0.157
75,105,180,21.384,0.1188
75,106,181,12.5433,0.0693
75,107,182,101.97460000000001,0.5603
75,108,183,8.0337,0.0439
75,113,188,0.7332,0.0039
75,114,189,8.1837,0.0433
75,116,191,10.2567,0.0537
75,117,192,70.7904,0.3687
75,118,193,39.1211,0.2027
75,119,194,194.0,1.0
75,120,195,390.0,2.0
75,121,196,392.0,2.0
75,122,197,394.0,2.0
76,34,42,338814.0,8067.0
76,85,161,322.0,2.0
76,86,162,324.0,2.0
76,87,163,326.0,2.0
76,89,165,165.0,1.0
76,91,167,80.8948,0.4844
76,93,169,25.9415,0.1535
76,101,177,14.6202,0.0826
76,118,194,2.4055999999999997,0.0124
76,119,195,55.88700000000001,0.2866
76,120,196,40.0624,0.2044
76,121,197,197.0,1.0
76,122,198,198.0,1.0
76,123,199,199.0,1.0
77,34,43,347569.0,8083.0
77,35,42,336798.0,8019.0
77,86,163,326.0,2.0
77,87,164,328.0,2.0
77,88,165,165.0,1.0
77,89,166,166.0,1.0
77,91,168,55.221599999999995,0.3287
77,92,169,23.3051,0.1379
77,93,170,170.0,1.0
77,94,171,38.457899999999995,0.2249
77,95,172,32.4048,0.1884
77,97,174,11.223,0.0645
77,100,177,19.7532,0.1116
77,103,180,21.708,0.1206
77,104,181,5.2490000000000006,0.029
77,107,184,27.9496,0.1519
77,108,185,27.953500000000002,0.1511
77,109,186,16.5168,0.0888
77,110,187,27.9378,0.1494
77,113,190,1.3679999999999999,0.0072
77,117,194,1.3386,0.0069
77,118,195,1.3259999999999998,0.0068
77,119,196,38.416000000000004,0.196
77,120,197,20.113699999999998,0.1021
77,121,198,198.0,1.0
77,122,199,41.0537,0.2063
77,123,200,200.0,1.0
77,124,201,201.0,1.0
77,125,202,202.0,1.0
77,126,203,406.0,2.0
78,35,43,346322.0,8054.0
78,87,165,330.0,2.0
78,88,166,332.0,2.0
78,89,167,334.0,2.0
78,90,168,149.94,0.8925
78,91,169,169.0,1.0
78,93,171,80.95139999999999,0.4734
78,95,173,63.4391,0.3667
78,96,174,10.3356,0.0594
78,121,199,2.1691,0.0109
78,122,200,20.119999999999997,0.1006
78,123,201,50.1093,0.2493
78,124,202,25.149,0.1245
78,125,203,203.0,1.0
78,126,204,204.0,1.0
78,127,205,205.0,1.0
79,35,44,355916.0,8089.0
79,36,43,344473.0,8011.0
79,89,168,336.0,2.0
79,90,169,338.0,2.0
79,91,170,170.0,1.0
79,92,171,20.708099999999998,0.1211
79,93,172,56.158,0.3265
79,94,173,22.784100000000002,0.1317
79,95,174,174.0,1.0
79,96,175,38.57,0.2204
79,97,176,33.176,0.1885
79,99,178,10.2528,0.0576
79,102,181,19.9824,0.1104
79,105,184,22.2824,0.1211
79,106,185,2.6085,0.0141
79,109,188,2.7072,0.0144
79,110,189,20.090700000000002,0.1063
79,111,190,3.4390000000000005,0.0181
79,113,192,15.8208,0.0824
79,115,194,2.1146,0.0109
79,123,202,23.2906,0.1153
79,125,204,204.0,1.0
79,126,205,205.0,1.0
79,127,206,206.0,1.0
79,128,207,207.0,1.0
79,129,208,208.0,1.0
80,36,44,354860.0,8065.0
80,90,170,340.0,2.0
80,91,171,342.0,2.0
80,92,172,150.07000000000002,0.8725
80,93,173,173.0,1.0
80,94,174,19.2096,0.1104
80,95,175,81.0775,0.4633
80,97,177,84.7299,0.4787
80,98,178,10.7512,0.0604
80,112,192,15.5328,0.0809
80,114,194,2.8906,0.0149
80,126,206,20.4352,0.0992
80,127,207,29.807999999999996,0.144
80,128,208,30.742399999999996,0.1478
80,129,209,209.0,1.0
80,130,210,210.0,1.0
81,36,45,363915.0,8087.0
81,37,44,353012.0,8023.0
81,95,176,83.0544,0.4719
81,96,177,21.6294,0.1222
81,97,178,178.0,1.0
81,98,179,38.646100000000004,0.2159
81,99,180,69.912,0.3884
81,101,182,11.9756,0.0658
81,104,185,20.683,0.1118
81,107,188,29.9108,0.1591
81,109,190,7.258,0.0382
81,110,191,7.3534999999999995,0.0385
81,111,192,31.68,0.165
81,112,193,6.716399999999999,0.0348
81,113,194,13.967999999999998,0.072
81,115,196,12.1128,0.0618
81,116,197,13.5733,0.0689
81,117,198,7.5438,0.0381
81,118,199,27.9396,0.1404
81,119,200,5.76,0.0288
81,127,208,1.8512,0.0089
81,128,209,6.1028,0.0292
81,129,210,11.613,0.0553
81,130,211,41.9257,0.1987
81,131,212,212.0,1.0
81,132,213,27.008399999999998,0.1268
81,133,214,214.0,1.0
81,134,215,215.0,1.0
81,135,216,216.0,1.0
82,37,45,362700.0,8060.0
82,96,178,23.175600000000003,0.1302
82,97,179,81.2302,0.4538
82,98,180,12.402000000000001,0.0689
82,99,181,85.0338,0.4698
82,100,182,12.0848,0.0664
82,101,183,28.9872,0.1584
82,103,185,16.169,0.0874
82,104,186,11.0112,0.0592
82,106,188,10.1332,0.0539
82,108,190,12.521,0.0659
82,117,199,6.825699999999999,0.0343
82,131,213,6.9437999999999995,0.0326
82,133,215,52.675,0.245
82,134,216,216.0,1.0
82,135,217,217.0,1.0
82,136,218,218.0,1.0
83,37,46,371956.0,8086.0
83,38,45,360450.0,8010.0
83,101,184,184.0,1.0
83,102,185,0.0,0.0
83,103,186,16.9446,0.0911
83,104,187,10.0045,0.0535
83,105,188,11.186,0.0595
83,106,189,20.8467,0.1103
83,107,190,20.976,0.1104
83,109,192,30.1056,0.1568
83,111,194,5.2574,0.0271
83,113,196,24.4216,0.1246
83,114,197,8.3331,0.0423
83,117,200,22.7,0.1135
83,118,201,12.1806,0.0606
83,120,203,12.768699999999999,0.0629
83,121,204,9.18,0.045
83,123,206,7.6426,0.0371
83,125,208,2.3088,0.0111
83,133,216,11.1888,0.0518
83,134,217,17.7072,0.0816
83,135,218,27.010199999999998,0.1239
83,136,219,219.0,1.0
83,137,220,220.0,1.0
84,38,46,370116.0,8046.0
84,102,186,18.2838,0.0983
84,103,187,32.631499999999996,0.1745
84,104,188,19.965600000000002,0.1062
84,105,189,22.0563,0.1167
84,106,190,13.167,0.0693
84,108,192,10.6368,0.0554
84,109,193,14.532900000000001,0.0753
84,110,194,12.9204,0.0666
84,115,199,5.4327000000000005,0.0273
84,122,206,4.017,0.0195
84,125,209,1.7765000000000002,0.0085
84,127,211,1.266,0.006
84,133,217,6.5534,0.0302
84,135,219,15.8337,0.0723
84,136,220,17.688,0.0804
84,137,221,19.5585,0.0885
84,138,222,40.0488,0.1804
84,139,223,223.0,1.0
84,140,224,224.0,1.0
85,38,47,378491.0,8053.0
85,39,46,367678.0,7993.0
85,106,191,16.1013,0.0843
85,107,192,27.8784,0.1452
85,108,193,21.6353,0.1121
85,109,194,23.4934,0.1211
85,110,195,9.5745,0.0491
85,111,196,30.2428,0.1543
85,115,200,24.46,0.1223
85,116,201,8.1807,0.0407
85,120,205,12.054,0.0588
85,122,207,12.3993,0.0599
85,123,208,8.9232,0.0429
85,125,210,7.686,0.0366
85,126,211,2.7219,0.0129
85,127,212,2.3956,0.0113
85,128,213,4.899,0.023
85,130,215,6.622,0.0308
85,131,216,3.5856,0.0166
85,133,218,11.5104,0.0528
85,135,220,13.97,0.0635
85,136,221,13.967200000000002,0.0632
85,137,222,15.8286,0.0713
85,138,223,13.9821,0.0627
85,139,224,22.3552,0.0998
85,140,225,225.0,1.0
85,141,226,226.0,1.0
85,142,227,227.0,1.0
86,38,48,388128.0,8086.0
86,39,47,376611.0,8013.0
86,107,193,25.109299999999998,0.1301
86,108,194,16.6646,0.0859
86,109,195,51.6945,0.2651
86,110,196,14.0532,0.0717
86,111,197,16.1934,0.0822
86,112,198,13.4244,0.0678
86,113,199,7.303300000000001,0.0367
86,114,200,5.800000000000001,0.029
86,115,201,10.1304,0.0504
86,116,202,17.5134,0.0867
86,117,203,5.8058000000000005,0.0286
86,124,210,4.557,0.0217
86,125,211,6.815300000000001,0.0323
86,126,212,3.1164,0.0147
86,127,213,3.3654,0.0158
86,128,214,9.1806,0.0429
86,129,215,6.084499999999999,0.0283
86,130,216,5.767200000000001,0.0267
86,131,217,4.1881,0.0193
86,135,221,5.7238999999999995,0.0259
86,143,229,13.0301,0.0569
87,38,49,396459.0,8091.0
87,39,48,385728.0,8036.0
87,110,197,56.44049999999999,0.2865
87,111,198,31.125600000000002,0.1572
87,112,199,13.731000000000002,0.069
87,113,200,30.520000000000003,0.1526
87,114,201,9.085199999999999,0.0452
87,115,202,6.0398,0.0299
87,117,204,24.582,0.1205
87,118,205,7.8309999999999995,0.0382
87,127,214,8.5172,0.0398
87,128,215,7.0735,0.0329
87,129,216,4.1688,0.0193
87,130,217,6.5317,0.0301
87,131,218,4.2292000000000005,0.0194
87,132,219,6.8766,0.0314
87,133,220,4.026,0.0183
87,135,222,7.459199999999999,0.0336
87,137,224,11.1776,0.0499
87,144,231,7.7385,0.0335
88,38,50,405900.0,8118.0
88,39,49,394597.0,8053.0
88,113,201,20.301000000000002,0.101
88,114,202,15.008600000000001,0.0743
88,115,203,9.6831,0.0477
88,116,204,8.914800000000001,0.0437
88,117,205,22.7755,0.1111
88,118,206,18.0044,0.0874
88,119,207,58.2912,0.2816
88,120,208,9.0272,0.0434
88,121,209,5.7475,0.0275
88,122,210,9.198,0.0438
88,126,214,5.243,0.0245
88,127,215,7.202500000000001,0.0335
88,128,216,8.0136,0.0371
88,129,217,7.0525,0.0325
88,130,218,9.81,0.045
88,131,219,6.8109,0.0311
88,132,220,7.590000000000001,0.0345
88,133,221,4.641,0.021
88,139,227,1.9522,0.0086
88,140,228,2.0064,0.0088
88,141,229,15.4346,0.0674
88,142,230,10.304,0.0448
89,39,50,403650.0,8073.0
89,116,205,59.327,0.2894
89,117,206,65.096,0.316
89,118,207,56.2419,0.2717
89,119,208,64.48,0.31
89,120,209,55.8448,0.2672
89,126,215,12.4055,0.0577
89,128,217,11.218900000000001,0.0517
89,129,218,57.617399999999996,0.2643
89,130,219,51.4869,0.2351
89,131,220,6.138,0.0279
89,132,221,56.9075,0.2575
89,133,222,4.7064,0.0212
89,134,223,6.957599999999999,0.0312
89,135,224,4.0992,0.0183
89,139,228,2.0976,0.0092
89,140,229,12.1141,0.0529
89,141,230,15.847000000000001,0.0689
89,142,231,13.0515,0.0565
89,143,232,13.0384,0.0562
89,144,233,13.048,0.056
89,145,234,13.969800000000001,0.0597
89,146,235,13.9825,0.0595
90,39,51,411519.0,8069.0
90,40,50,401900.0,8038.0
90,118,208,31.8656,0.1532
90,119,209,0.0,0.0
90,120,210,18.9,0.09
90,121,211,86.06689999999999,0.4079
90,122,212,10.1124,0.0477
90,123,213,9.2229,0.0433
90,124,214,10.6572,0.0498
90,125,215,6.342499999999999,0.0295
90,126,216,11.1024,0.0514
90,127,217,10.6113,0.0489
90,128,218,10.5076,0.0482
90,129,219,56.45819999999999,0.2578
90,130,220,13.684,0.0622
90,131,221,8.000200000000001,0.0362
90,132,222,10.212,0.046
90,133,223,7.9388,0.0356
90,134,224,9.6096,0.0429
90,135,225,5.085,0.0226
90,144,234,2.5974,0.0111
90,145,235,13.0425,0.0555
90,146,236,13.971200000000001,0.0592
90,147,237,15.8316,0.0668
91,39,52,419640.0,8070.0
91,40,51,409377.0,8027.0
91,120,211,69.4823,0.3293
91,121,212,87.5984,0.4132
91,122,213,57.169200000000004,0.2684
91,123,214,81.213,0.3795
91,124,215,82.4525,0.3835
91,125,216,24.645599999999998,0.1141
91,126,217,12.4992,0.0576
91,127,218,17.8542,0.0819
91,128,219,69.7077,0.3183
91,129,220,14.652000000000001,0.0666
91,130,221,59.3827,0.2687
91,131,222,86.6022,0.3901
91,132,223,75.6416,0.3392
91,133,224,7.5936,0.0339
91,134,225,81.8775,0.3639
91,135,226,11.2096,0.0496
91,136,227,7.264,0.032
91,137,228,4.332,0.019
91,141,232,7.656000000000001,0.033
91,143,234,4.095000000000001,0.0175
91,144,235,13.9825,0.0595
91,145,236,13.971200000000001,0.0592
91,146,237,13.035,0.055
91,147,238,15.827000000000002,0.0665
91,148,239,239.0,1.0
92,40,52,418080.0,8040.0
92,123,215,104.146,0.4844
92,124,216,28.101599999999998,0.1301
92,125,217,0.0,0.0
92,126,218,13.7122,0.0629
92,127,219,13.337100000000001,0.0609
92,128,220,0.0,0.0
92,129,221,72.1344,0.3264
92,130,222,51.992399999999996,0.2342
92,131,223,59.050399999999996,0.2648
92,132,224,15.254399999999999,0.0681
92,133,225,9.945,0.0442
92,134,226,11.074,0.049
92,135,227,8.5125,0.0375
92,136,228,13.4748,0.0591
92,137,229,5.9311,0.0259
92,138,230,4.508,0.0196
92,139,231,2.6795999999999998,0.0116
92,147,239,1.5057,0.0063
92,149,241,241.0,1.0
93,40,53,425643.0,8031.0
93,41,52,415896.0,7998.0
93,126,219,91.9581,0.4199
93,127,220,30.712,0.1396
93,128,221,221.0,1.0
93,129,222,38.0508,0.1714
93,130,223,82.8668,0.3716
93,132,225,91.62,0.4072
93,133,226,102.0616,0.4516
93,134,227,76.9984,0.3392
93,135,228,0.0,0.0
93,136,229,101.1722,0.4418
93,137,230,55.016,0.2392
93,138,231,51.1434,0.2214
93,139,232,0.0,0.0
93,140,233,50.980399999999996,0.2188
93,141,234,8.4006,0.0359
93,143,236,50.409600000000005,0.2136
93,145,238,1.1423999999999999,0.0048
93,148,241,100.015,0.415
93,149,242,200.013,0.8265
93,150,243,0.0,0.0
94,40,54,434538.0,8047.0
94,41,53,424053.0,8001.0
94,127,221,221.0,1.0
94,128,222,222.0,1.0
94,129,223,223.0,1.0
94,130,224,224.0,1.0
94,131,225,225.0,1.0
94,132,226,226.0,1.0
94,133,227,0.0,0.0
94,134,228,23.3472,0.1024
94,135,229,60.639199999999995,0.2648
94,136,230,14.443999999999999,0.0628
94,137,231,22.0605,0.0955
94,138,232,16.8896,0.0728
94,139,233,54.1725,0.2325
94,140,234,6.8094,0.0291
94,141,235,20.5155,0.0873
94,151,245,13.622,0.0556
95,41,54,432486.0,8009.0
95,128,223,223.0,1.0
95,129,224,448.0,2.0
95,130,225,450.0,2.0
95,131,226,226.0,1.0
95,132,227,227.0,1.0
95,133,228,228.0,1.0
95,134,229,106.3476,0.4644
95,135,230,230.0,1.0
95,136,231,231.0,1.0
95,137,232,232.0,1.0
95,138,233,0.0,0.0
95,139,234,234.0,1.0
95,140,235,52.781,0.2246
95,141,236,236.0,1.0
95,142,237,0.0,0.0
95,143,238,58.905,0.2475
95,144,239,1.9837,0.0083
95,145,240,13.824,0.0576
95,147,242,1.1132,0.0046
95,149,244,1.4884000000000002,0.0061
95,150,245,1.8865,0.0077
95,151,246,0.0,0.0
95,152,247,0.0,0.0
96,41,55,440715.0,8013.0
96,42,54,431082.0,7983.0
96,135,231,231.0,1.0
96,136,232,232.0,1.0
96,137,233,81.08399999999999,0.348
96,138,234,17.081999999999997,0.073
96,139,235,0.0,0.0
96,140,236,17.6292,0.0747
96,141,237,74.3943,0.3139
96,142,238,12.2332,0.0514
96,143,239,150.06810000000002,0.6279
96,147,243,1.5066,0.0062
96,148,244,1.0979999999999999,0.0045
96,153,249,2.3655,0.0095
97,41,56,449288.0,8023.0
97,42,55,438900.0,7980.0
97,136,233,233.0,1.0
97,137,234,234.0,1.0
97,138,235,470.0,2.0
97,139,236,472.0,2.0
97,140,237,237.0,1.0
97,141,238,238.0,1.0
97,142,239,239.0,1.0
97,143,240,240.0,1.0
97,144,241,241.0,1.0
97,145,242,242.0,1.0
97,146,243,4.5198,0.0186
97,147,244,14.395999999999999,0.059
97,148,245,1.7885,0.0073
97,149,246,60.024,0.244
97,150,247,5.187,0.021
97,151,248,50.0464,0.2018
97,152,249,1.245,0.005
97,153,250,2.9,0.0116
97,154,251,10.742799999999999,0.0428
97,155,252,252.0,1.0
98,41,57,457596.0,8028.0
98,42,56,448056.0,8001.0
98,139,237,97.3359,0.4107
98,140,238,238.0,1.0
98,141,239,239.0,1.0
98,142,240,18.024,0.0751
98,143,241,241.0,1.0
98,144,242,12.8986,0.0533
98,145,243,243.0,1.0
98,149,247,14.326,0.058
98,150,248,5.1335999999999995,0.0207
98,152,250,1.55,0.0062
98,153,251,3.8905,0.0155
98,154,252,2.3688000000000002,0.0094
98,155,253,4.2504,0.0168
98,156,254,11.455400000000001,0.0451
99,42,57,455829.0,7997.0
99,140,239,239.0,1.0
99,141,240,480.0,2.0
99,142,241,241.0,1.0
99,143,242,242.0,1.0
99,144,243,243.0,1.0
99,145,244,244.0,1.0
99,146,245,245.0,1.0
99,148,247,19.4389,0.0787
99,149,248,0.0,0.0
99,150,249,0.0,0.0
99,151,250,0.0,0.0
99,152,251,5.2961,0.0211
99,153,252,50.0472,0.1986
99,154,253,1.2397,0.0049
99,155,254,2.9463999999999997,0.0116
99,156,255,10.812,0.0424
99,157,256,0.0,0.0
100,42,58,464870.0,8015.0
100,43,57,454404.0,7972.0
100,141,241,241.0,1.0
100,142,242,484.0,2.0
100,143,243,243.0,1.0
100,144,244,244.0,1.0
100,145,245,245.0,1.0
100,146,246,13.6776,0.0556
100,147,247,247.0,1.0
100,152,252,5.2164,0.0207
100,153,253,1.5433000000000001,0.0061
100,154,254,1.8542,0.0073
100,155,255,3.927,0.0154
100,156,256,3.0208,0.0118
100,157,257,4.343299999999999,0.0169
100,158,258,258.0,1.0
101,42,59,472531.0,8009.0
101,43,58,463014.0,7983.0
101,143,244,488.0,2.0
101,144,245,245.0,1.0
101,145,246,246.0,1.0
101,146,247,247.0,1.0
101,147,248,248.0,1.0
101,150,251,18.9254,0.0754
101,151,252,91.2744,0.3622
101,152,253,0.0,0.0
101,153,254,0.0,0.0
101,154,255,5.559,0.0218
101,155,256,0.0,0.0
101,156,257,1.5677,0.0061
101,157,258,3.483,0.0135
101,158,259,0.0,0.0
101,159,260,260.0,1.0
102,42,60,481320.0,8022.0
102,43,59,471174.0,7986.0
102,146,248,248.0,1.0
102,147,249,249.0,1.0
102,148,250,250.0,1.0
102,149,251,251.0,1.0
102,154,256,7.552,0.0295
102,155,257,6.1937,0.0241
102,156,258,0.0,0.0
102,157,259,6.3714,0.0246
102,158,260,260.0,1.0
102,159,261,261.0,1.0
102,160,262,262.0,1.0
103,42,61,488854.0,8014.0
103,43,60,479520.0,7992.0
103,148,251,251.0,1.0
103,149,252,252.0,1.0
103,151,254,91.313,0.3595
103,152,255,17.697,0.0694
103,153,256,82.8928,0.3238
103,154,257,0.0,0.0
103,155,258,0.0,0.0
103,156,259,0.0,0.0
103,157,260,0.0,0.0
103,158,261,261.0,1.0
103,159,262,262.0,1.0
103,160,263,263.0,1.0
103,161,264,528.0,2.0
104,42,62,497426.0,8023.0
104,43,61,487512.0,7992.0
104,149,253,506.0,2.0
104,150,254,254.0,1.0
104,151,255,255.0,1.0
104,152,256,17.8432,0.0697
104,153,257,10.8197,0.0421
104,154,258,16.0992,0.0624
104,155,259,0.0,0.0
104,156,260,260.0,1.0
104,157,261,65.6676,0.2516
104,158,262,262.0,1.0
104,159,263,263.0,1.0
104,160,264,264.0,1.0
104,161,265,265.0,1.0
104,162,266,532.0,2.0
105,43,62,495504.0,7992.0
105,150,255,255.0,1.0
105,151,256,256.0,1.0
105,153,258,91.848,0.356
105,154,259,56.695100000000004,0.2189
105,155,260,0.0,0.0
105,156,261,0.0,0.0
105,157,262,262.0,1.0
105,158,263,263.0,1.0
105,159,264,264.0,1.0
105,160,265,265.0,1.0
105,161,266,266.0,1.0
105,162,267,267.0,1.0
105,163,268,536.0,2.0
106,43,63,503433.0,7991.0
106,44,62,494202.0,7971.0
106,152,258,516.0,2.0
106,153,259,259.0,1.0
106,154,260,20.54,0.079
106,155,261,18.504900000000003,0.0709
106,156,262,22.1652,0.0846
106,157,263,0.0,0.0
106,158,264,264.0,1.0
106,159,265,265.0,1.0
106,160,266,266.0,1.0
106,161,267,267.0,1.0
106,162,268,536.0,2.0
106,163,269,269.0,1.0
106,164,270,540.0,2.0
107,43,64,511360.0,7990.0
107,44,63,501669.0,7963.0
107,153,260,260.0,1.0
107,154,261,179.8029,0.6889
107,155,262,93.06240000000001,0.3552
107,156,263,263.0,1.0
107,157,264,264.0,1.0
107,158,265,265.0,1.0
107,159,266,266.0,1.0
107,160,267,267.0,1.0
107,161,268,268.0,1.0
107,162,269,269.0,1.0
107,163,270,270.0,1.0
107,164,271,271.0,1.0
107,165,272,544.0,2.0
107,166,273,546.0,2.0
108,43,65,519220.0,7988.0
108,44,64,510208.0,7972.0
108,155,263,263.0,1.0
108,156,264,28.8816,0.1094
108,157,265,23.956,0.0904
108,158,266,27.1054,0.1019
108,159,267,0.0,0.0
108,160,268,268.0,1.0
108,161,269,0.0,0.0
108,162,270,270.0,1.0
108,163,271,271.0,1.0
108,164,272,544.0,2.0
108,165,273,273.0,1.0
108,166,274,548.0,2.0
108,167,275,550.0,2.0
108,168,276,828.0,3.0
108,169,277,554.0,2.0
108,170,278,278.0,1.0
109,43,66,527076.0,7986.0
109,44,65,517595.0,7963.0
109,156,265,530.0,2.0
109,157,266,96.4782,0.3627
109,158,267,534.0,2.0
109,159,268,268.0,1.0
109,160,269,269.0,1.0
109,161,270,270.0,1.0
109,162,271,271.0,1.0
109,163,272,544.0,2.0
109,164,273,546.0,2.0
109,165,274,274.0,1.0
109,166,275,275.0,1.0
109,167,276,552.0,2.0
109,168,277,554.0,2.0
109,169,278,556.0,2.0
109,170,279,558.0,2.0
109,171,280,560.0,2.0
110,43,67,534660.0,7980.0
110,44,66,525954.0,7969.0
110,157,267,267.0,1.0
110,158,268,268.0,1.0
110,159,269,31.3923,0.1167
110,160,270,39.285,0.1455
110,161,271,0.0,0.0
110,162,272,544.0,2.0
110,163,273,273.0,1.0
110,164,274,274.0,1.0
110,165,275,275.0,1.0
110,166,276,552.0,2.0
110,167,277,277.0,1.0
110,168,278,556.0,2.0
110,169,279,558.0,2.0
110,170,280,840.0,3.0
110,171,281,562.0,2.0
110,172,282,282.0,1.0
111,43,68,542368.0,7976.0
111,44,67,533119.0,7957.0
111,161,272,272.0,1.0
111,162,273,273.0,1.0
111,163,274,274.0,1.0
111,164,275,550.0,2.0
111,165,276,552.0,2.0
111,166,277,554.0,2.0
111,167,278,278.0,1.0
111,168,279,558.0,2.0
111,169,280,560.0,2.0
111,170,281,843.0,3.0
111,171,282,564.0,2.0
111,172,283,566.0,2.0
111,173,284,568.0,2.0
112,43,69,549861.0,7969.0
112,44,68,541280.0,7960.0
112,164,276,552.0,2.0
112,165,277,277.0,1.0
112,166,278,556.0,2.0
112,167,279,279.0,1.0
112,168,280,560.0,2.0
112,169,281,281.0,1.0
112,170,282,564.0,2.0
112,171,283,566.0,2.0
112,172,284,852.0,3.0
112,173,285,570.0,2.0
112,174,286,572.0,2.0
113,43,70,557410.0,7963.0
113,44,69,548412.0,7948.0
113,165,278,278.0,1.0
113,166,279,558.0,2.0
113,167,280,280.0,1.0
113,168,281,281.0,1.0
113,169,282,282.0,1.0
113,170,283,566.0,2.0
113,171,284,568.0,2.0
113,172,285,855.0,3.0
113,173,286,572.0,2.0
113,174,287,574.0,2.0
113,175,288,576.0,2.0
114,44,70,556570.0,7951.0
114,170,284,568.0,2.0
114,171,285,285.0,1.0
114,172,286,572.0,2.0
114,173,287,574.0,2.0
114,174,288,864.0,3.0
114,175,289,578.0,2.0
114,176,290,580.0,2.0
115,44,71,563456.0,7936.0
115,45,70,555030.0,7929.0
115,172,287,574.0,2.0
115,173,288,576.0,2.0
115,174,289,867.0,3.0
115,175,290,580.0,2.0
115,176,291,873.0,3.0
116,45,71,562533.0,7923.0
116,173,289,578.0,2.0
116,174,290,580.0,2.0
116,175,291,582.0,2.0
116,176,292,876.0,3.0
117,45,72,570024.0,7917.0
117,46,71,561113.0,7903.0
117,174,291,582.0,2.0
117,175,292,584.0,2.0
117,176,293,879.0,3.0
118,45,73,577503.0,7911.0
118,46,72,569160.0,7905.0
118,175,293,586.0,2.0
118,176,294,588.0,2.0
119,46,73,576262.0,7894.0
120,47,73,575459.0,7883.0
121,47,74,583194.0,7881.0
121,48,73,574145.0,7865.0
122,48,74,582528.0,7872.0
123,48,75,589575.0,7861.0
123,49,74,581122.0,7853.0
124,48,76,597892.0,7867.0
124,49,75,588750.0,7850.0
125,49,76,596524.0,7849.0
126,50,76,595764.0,7839.0
127,50,77,602371.0,7823.0
127,51,76,593864.0,7814.0
128,50,78,609960.0,7820.0
128,51,77,600985.0,7805.0
129,51,78,608166.0,7797.0
130,51,79,615094.0,7786.0
130,52,78,606840.0,7780.0
131,51,80,622160.0,7777.0
131,52,79,613356.0,7764.0
132,52,80,620960.0,7762.0
133,53,80,619120.0,7739.0
134,54,80,617920.0,7724.0
135,55,80,616080.0,7701.0
136,55,81,623133.0,7693.0
136,56,80,614800.0,7685.0
137,55,82,630088.0,7684.0
137,56,81,621432.0,7672.0
138,55,83,636444.0,7668.0
138,56,82,628940.0,7670.0
139,56,83,634784.0,7648.0
140,57,83,633788.0,7636.0
141,57,84,640584.0,7626.0
141,58,83,632128.0,7616.0
142,58,84,639576.0,7614.0
143,58,85,645660.0,7596.0
143,59,84,638064.0,7596.0
144,58,86,653170.0,7595.0
144,59,85,644725.0,7585.0
145,58,87,659403.2847,7579.3481
145,59,86,651794.0,7579.0
146,58,88,666735.8632,7576.5439
146,59,87,658523.8626,7569.2398
147,58,89,672772.5647,7559.2423
147,59,88,665368.0,7561.0
148,58,90,679950.0,7555.0
148,59,89,671950.0,7550.0
149,58,91,685867.0,7537.0
149,59,90,678600.0,7540.0
150,58,92,692944.0,7532.0
150,59,91,685048.0,7528.0
151,58,93,698802.0,7514.0
151,59,92,691656.0,7518.0
152,58,94,5.724600000000001,0.0609
152,59,93,698058.0,7506.0
153,58,95,711265.0,7487.0
153,59,94,704342.0,7493.0
154,58,96,717978.096,7478.9385
154,59,95,710505.0,7479.0
155,59,96,716805.4368,7466.7233
156,59,97,722747.0,7451.0
156,60,96,716160.0,7460.0
157,59,98,728924.0,7438.0
157,60,97,721680.0,7440.0
158,59,99,734778.0,7422.0
158,60,98,728336.0,7432.0
159,59,100,740700.0,7407.0
159,60,99,733788.0,7412.0
160,59,101,746491.0,7391.0
160,60,100,740200.0,7402.0
161,59,102,752352.0,7376.0
161,60,101,745582.0,7382.0
162,59,103,757977.0,7359.0
162,60,102,751842.0,7371.0
163,59,104,763568.0,7342.0
163,60,103,756947.0,7349.0
164,59,105,768915.0,7323.0
164,60,104,763048.0,7337.0
165,59,106,774330.0,7305.0
165,60,105,767970.0,7314.0
166,60,106,773906.0,7301.0
167,60,107,778746.0,7278.0
167,61,106,772952.0,7292.0
168,61,107,778211.0,7273.0
169,62,107,777355.0,7265.0
170,63,107,776820.0,7260.0
171,63,108,782244.0,7243.0
171,64,107,775857.0,7251.0
172,63,109,787525.0,7225.0
172,64,108,781812.0,7239.0
173,63,110,793100.0,7210.0
173,64,109,786762.0,7218.0
174,63,111,798312.0,7192.0
174,64,110,792770.0,7207.0
175,63,112,803712.0,7176.0
175,64,111,797535.0,7185.0
176,63,113,808854.0,7158.0
176,64,112,803488.0,7174.0
177,59,118,834968.0,7076.0
177,60,117,829764.0,7092.0
177,61,116,824876.0,7111.0
177,62,115,819260.0,7124.0
177,63,114,814074.0,7141.0
177,64,113,808176.0,7152.0
