u_grid,survival_empirical
0.0,1.0
0.004016064257028112,0.644875
0.008032128514056224,0.326875
0.012048192771084336,0.21925
0.01606425702811245,0.160625
0.020080321285140562,0.116625
0.024096385542168672,0.08425
0.028112449799196783,0.072375
0.0321285140562249,0.061875
0.03614457831325301,0.05275
0.040160642570281124,0.045
0.04417670682730923,0.039875
0.048192771084337345,0.034875
0.05220883534136546,0.027625
0.056224899598393566,0.026
0.06024096385542168,0.024625
0.0642570281124498,0.0235
0.0682730923694779,0.022875
0.07228915662650602,0.0215
0.07630522088353413,0.020875
0.08032128514056225,0.02025
0.08433734939759036,0.01975
0.08835341365461846,0.019375
0.09236947791164658,0.018625
0.09638554216867469,0.018125
0.1004016064257028,0.0175
0.10441767068273092,0.01725
0.10843373493975902,0.01675
0.11244979919678713,0.01625
0.11646586345381525,0.015875
0.12048192771084336,0.0155
0.12449799196787148,0.01525
0.1285140562248996,0.014875
0.1325301204819277,0.014875
0.1365461847389558,0.0145
0.14056224899598393,0.014125
0.14457831325301204,0.013875
0.14859437751004015,0.01375
0.15261044176706826,0.01325
0.15662650602409636,0.013
0.1606425702811245,0.012625
0.1646586345381526,0.0125
0.1686746987951807,0.012375
0.17269076305220882,0.012125
0.17670682730923692,0.011875
0.18072289156626503,0.011875
0.18473895582329317,0.011875
0.18875502008032127,0.011875
0.19277108433734938,0.01175
0.1967871485943775,0.011625
0.2008032128514056,0.011375
0.20481927710843373,0.011
0.20883534136546184,0.010875
0.21285140562248994,0.010875
0.21686746987951805,0.01075
0.22088353413654616,0.010625
0.22489959839357426,0.010625
0.2289156626506024,0.0105
0.2329317269076305,0.010125
0.2369477911646586,0.01
0.24096385542168672,0.009875
0.24497991967871482,0.009625
0.24899598393574296,0.0095
0.25301204819277107,0.0095
0.2570281124497992,0.009375
0.2610441767068273,0.009125
0.2650602409638554,0.009125
0.2690763052208835,0.009
0.2730923694779116,0.009
0.2771084337349397,0.00875
0.28112449799196787,0.00875
0.285140562248996,0.008625
0.2891566265060241,0.008625
0.2931726907630522,0.0085
0.2971887550200803,0.008375
0.3012048192771084,0.008125
0.3052208835341365,0.008125
0.3092369477911646,0.008125
0.3132530120481927,0.008125
0.31726907630522083,0.008
0.321285140562249,0.007875
0.3253012048192771,0.007625
0.3293172690763052,0.0075
0.3333333333333333,0.0075
0.3373493975903614,0.0075
0.34136546184738953,0.0075
0.34538152610441764,0.0075
0.34939759036144574,0.0075
0.35341365461847385,0.007375
0.35742971887550196,0.007375
0.36144578313253006,0.007375
0.3654618473895582,0.007375
0.36947791164658633,0.007375
0.37349397590361444,0.007375
0.37751004016064255,0.007375
0.38152610441767065,0.00725
0.38554216867469876,0.007125
0.38955823293172687,0.006875
0.393574297188755,0.006875
0.3975903614457831,0.00675
0.4016064257028112,0.00675
0.4056224899598393,0.006625
0.40963855421686746,0.006625
0.41365461847389556,0.006625
0.41767068273092367,0.006625
0.4216867469879518,0.006625
0.4257028112449799,0.006625
0.429718875502008,0.006625
0.4337349397590361,0.0065
0.4377510040160642,0.0065
0.4417670682730923,0.006375
0.4457831325301204,0.006375
0.4497991967871485,0.006375
0.4538152610441767,0.006375
0.4578313253012048,0.006125
0.4618473895582329,0.006
0.465863453815261,0.006
0.4698795180722891,0.006
0.4738955823293172,0.006
0.47791164658634533,0.006
0.48192771084337344,0.006
0.48594377510040154,0.006
0.48995983935742965,0.006
0.4939759036144578,0.006
0.4979919678714859,0.005875
0.502008032128514,0.00575
0.5060240963855421,0.005625
0.5100401606425702,0.0055
0.5140562248995983,0.0055
0.5180722891566265,0.005375
0.5220883534136546,0.005375
0.5261044176706827,0.00525
0.5301204819277108,0.005125
0.5341365461847389,0.005125
0.538152610441767,0.005
0.5421686746987951,0.004875
0.5461847389558232,0.004875
0.5502008032128514,0.004875
0.5542168674698794,0.0045
0.5582329317269076,0.0035
0.5622489959839357,0.003
0.5662650602409638,0.0025
0.570281124497992,0.002
0.57429718875502,0.001625
0.5783132530120482,0.001375
0.5823293172690762,0.001125
0.5863453815261044,0.001
0.5903614457831324,0.001
0.5943775100401606,0.001
0.5983935742971886,0.001
0.6024096385542168,0.001
0.606425702811245,0.001
0.610441767068273,0.001
0.6144578313253012,0.001
0.6184738955823292,0.001
0.6224899598393574,0.001
0.6265060240963854,0.001
0.6305220883534136,0.001
0.6345381526104417,0.001
0.6385542168674698,0.001
0.642570281124498,0.001
0.646586345381526,0.001
0.6506024096385542,0.001
0.6546184738955823,0.001
0.6586345381526104,0.001
0.6626506024096385,0.001
0.6666666666666666,0.001
0.6706827309236947,0.001
0.6746987951807228,0.001
0.6787148594377509,0.001
0.6827309236947791,0.000875
0.6867469879518072,0.000875
0.6907630522088353,0.000875
0.6947791164658634,0.000875
0.6987951807228915,0.000875
0.7028112449799196,0.000875
0.7068273092369477,0.000875
0.7108433734939759,0.000875
0.7148594377510039,0.000875
0.7188755020080321,0.000875
0.7228915662650601,0.000875
0.7269076305220883,0.000875
0.7309236947791165,0.00075
0.7349397590361445,0.00075
0.7389558232931727,0.00075
0.7429718875502007,0.00075
0.7469879518072289,0.000625
0.7510040160642569,0.000625
0.7550200803212851,0.000625
0.7590361445783131,0.000625
0.7630522088353413,0.000625
0.7670682730923694,0.000625
0.7710843373493975,0.000625
0.7751004016064257,0.000625
0.7791164658634537,0.000625
0.7831325301204819,0.000625
0.78714859437751,0.000625
0.7911646586345381,0.000625
0.7951807228915662,0.000625
0.7991967871485943,0.000625
0.8032128514056224,0.000625
0.8072289156626505,0.000625
0.8112449799196786,0.000625
0.8152610441767068,0.000625
0.8192771084337349,0.0005
0.823293172690763,0.0005
0.8273092369477911,0.0005
0.8313253012048192,0.000375
0.8353413654618473,0.000375
0.8393574297188754,0.000375
0.8433734939759036,0.000375
0.8473895582329316,0.000375
0.8514056224899598,0.000375
0.8554216867469878,0.000375
0.859437751004016,0.000375
0.8634538152610441,0.000375
0.8674698795180722,0.000375
0.8714859437751004,0.000375
0.8755020080321284,0.000375
0.8795180722891566,0.000375
0.8835341365461846,0.000375
0.8875502008032128,0.00025
0.8915662650602408,0.00025
0.895582329317269,0.00025
0.899598393574297,0.00025
0.9036144578313252,0.00025
0.9076305220883534,0.00025
0.9116465863453814,0.00025
0.9156626506024096,0.000125
0.9196787148594376,0.000125
0.9236947791164658,0.000125
0.9277108433734939,0.000125
0.931726907630522,0.000125
0.9357429718875501,0.000125
0.9397590361445782,0.000125
0.9437751004016064,0.000125
0.9477911646586344,0.000125
0.9518072289156626,0.000125
0.9558232931726907,0.000125
0.9598393574297188,0.000125
0.9638554216867469,0.000125
0.967871485943775,0.000125
0.9718875502008031,0.000125
0.9759036144578312,0.000125
0.9799196787148593,0.000125
0.9839357429718875,0.000125
0.9879518072289156,0.000125
0.9919678714859437,0.000125
0.9959839357429718,0.000125
1.0,0.0
