u_threshold,R_empirical,R_exponential,residual
0.0,1.0,1.2509623517798714,-0.25096235177987136
0.005025125628140704,1.0,1.243968880421596,-0.24396888042159603
0.010050251256281407,0.999,1.2370145058767215,-0.23801450587672146
0.01507537688442211,0.999,1.2300990095755648,-0.23109900957556484
0.020100502512562814,0.999,1.2232221741703506,-0.22422217417035062
0.02512562814070352,0.998,1.216383783528381,-0.21838378352838106
0.03015075376884422,0.998,1.209583622725242,-0.2115836227252419
0.035175879396984924,0.997,1.202821478038048,-0.20582147803804796
0.04020100502512563,0.997,1.196097136938726,-0.1990971369387261
0.04522613065326633,0.997,1.1894103880873361,-0.19241038808733613
0.05025125628140704,0.996,1.1827610213254276,-0.1867610213254276
0.05527638190954774,0.996,1.1761488276694354,-0.1801488276694354
0.06030150753768844,0.996,1.1695735993041114,-0.17357359930411143
0.06532663316582915,0.995,1.163035129575993,-0.1680351295759931
0.07035175879396985,0.995,1.1565332129869086,-0.1615332129869086
0.07537688442211056,0.994,1.1500676451875178,-0.1560676451875178
0.08040201005025126,0.994,1.1436382229708901,-0.14963822297089013
0.08542713567839195,0.994,1.1372447442661184,-0.14324474426611844
0.09045226130653267,0.993,1.1308870081319669,-0.13788700813196686
0.09547738693467336,0.993,1.124564814750556,-0.13156481475055604
0.10050251256281408,0.993,1.1182779654210837,-0.12527796542108371
0.10552763819095477,0.992,1.112026262553579,-0.12002626255357907
0.11055276381909548,0.992,1.1058095096626919,-0.11380950966269188
0.11557788944723618,0.991,1.0996275113615188,-0.10862751136151882
0.12060301507537688,0.991,1.0934800733554615,-0.1024800733554615
0.12562814070351758,0.991,1.0873670024361202,-0.09636700243612017
0.1306532663316583,0.99,1.0812881064752218,-0.09128810647522179
0.135678391959799,0.99,1.0752431944185805,-0.08524319441858053
0.1407035175879397,0.99,1.0692320762800946,-0.07923207628009465
0.1457286432160804,0.989,1.0632545631357744,-0.07425456313577439
0.15075376884422112,0.989,1.0573104671178037,-0.06831046711780375
0.15577889447236182,0.989,1.051399601408638,-0.062399601408637984
0.16080402010050251,0.988,1.0455217802351295,-0.05752178023512955
0.1658291457286432,0.988,1.0396768188626917,-0.05167681886269171
0.1708542713567839,0.987,1.0338645335894907,-0.04686453358949072
0.17587939698492464,0.987,1.0280847417406733,-0.041084741740673336
0.18090452261306533,0.987,1.022337261662625,-0.035337261662624964
0.18592964824120603,0.986,1.0166219127172609,-0.03062191271726089
0.19095477386934673,0.986,1.0109385152763486,-0.024938515276348605
0.19597989949748745,0.986,1.0052868907158623,-0.019286890715862315
0.20100502512562815,0.985,0.9996668614103695,-0.014666861410369547
0.20603015075376885,0.985,0.9940782507274474,-0.00907825072744739
0.21105527638190955,0.984,0.9885208830221319,-0.0045208830221319385
0.21608040201005024,0.984,0.9829945836313979,0.0010054163686020745
0.22110552763819097,0.984,0.9774991788686687,0.006500821131331325
0.22613065326633167,0.983,0.972034496018358,0.010965503981641977
0.23115577889447236,0.983,0.9666003633304414,0.01639963666955857
0.23618090452261306,0.982,0.9611966100150583,0.02080338998494169
0.24120603015075376,0.982,0.955823066237144,0.026176933762856014
0.24623115577889448,0.982,0.9504795631110925,0.03152043688890749
0.25125628140703515,0.981,0.9451659326954481,0.03583406730455185
0.2562814070351759,0.981,0.9398820079876273,0.04111799201237265
0.2613065326633166,0.981,0.9346276229186701,0.04637237708132991
0.2663316582914573,0.98,0.9294026123480204,0.05059738765197963
0.271356783919598,0.98,0.9242068120583359,0.0557931879416641
0.2763819095477387,0.979,0.9190400587503271,0.059959941249672855
0.2814070351758794,0.979,0.913902190037625,0.06509780996237502
0.2864321608040201,0.979,0.9087930444416766,0.07020695555832335
0.2914572864321608,0.978,0.903712461386671,0.07428753861332893
0.2964824120603015,0.978,0.8986602811944918,0.07933971880550816
0.30150753768844224,0.978,0.8936363450796987,0.08436365492030129
0.3065326633165829,0.977,0.8886404951445374,0.08835950485546262
0.31155778894472363,0.977,0.8836725743739764,0.09332742562602359
0.3165829145728643,0.976,0.878732426630773,0.09726757336922698
0.32160804020100503,0.976,0.8738198966505649,0.10218010334943506
0.32663316582914576,0.976,0.8689348300369917,0.1070651699630083
0.3316582914572864,0.975,0.8640770732568412,0.11092292674315873
0.33668341708542715,0.975,0.859246473635225,0.11575352636477498
0.3417085427135678,0.974,0.8544428793507788,0.1195571206492212
0.34673366834170855,0.974,0.8496661394308923,0.12433386056910767
0.35175879396984927,0.974,0.8449161037469631,0.12908389625303685
0.35678391959798994,0.973,0.840192623009679,0.13280737699032097
0.36180904522613067,0.973,0.8354955487643251,0.1375044512356749
0.36683417085427134,0.972,0.8308247333861194,0.14117526661388058
0.37185929648241206,0.972,0.8261800300755715,0.14581996992442847
0.3768844221105528,0.972,0.8215612928538703,0.15043870714612972
0.38190954773869346,0.971,0.8169683765582948,0.15403162344170518
0.3869346733668342,0.971,0.8124011368376525,0.1585988631623475
0.3919597989949749,0.97,0.8078594301477422,0.16214056985225778
0.3969849246231156,0.97,0.8033431137468429,0.1666568862531571
0.4020100502512563,0.97,0.7988520456912274,0.1711479543087726
0.40703517587939697,0.969,0.7943860848307007,0.17461391516929925
0.4120603015075377,0.969,0.7899450908041645,0.17905490919583544
0.4170854271356784,0.968,0.7855289240352055,0.1824710759647945
0.4221105527638191,0.968,0.7811374457277083,0.1868625542722917
0.4271356783919598,0.968,0.7767705178614933,0.19122948213850666
0.4321608040201005,0.967,0.7724280031879799,0.1945719968120201
0.4371859296482412,0.967,0.7681097652258709,0.19889023477412904
0.44221105527638194,0.966,0.7638156682568648,0.20218433174313521
0.4472361809045226,0.966,0.7595455773213893,0.2064544226786107
0.45226130653266333,0.966,0.7552993582143599,0.21070064178564007
0.457286432160804,0.965,0.7510768774809627,0.21392312251903722
0.4623115577889447,0.965,0.7468780024124583,0.2181219975875417
0.46733668341708545,0.964,0.7427026010420127,0.22129739895798728
0.4723618090452261,0.964,0.7385505421405487,0.22544945785945125
0.47738693467336685,0.963,0.7344216952126218,0.22857830478737817
0.4824120603015075,0.963,0.7303159304923184,0.2326840695076816
0.48743718592964824,0.963,0.7262331189391783,0.23676688106082167
0.49246231155778897,0.962,0.7221731322341379,0.23982686776586204
0.49748743718592964,0.962,0.7181358427754987,0.24386415722450128
0.5025125628140703,0.961,0.7141211236749154,0.24687887632508454
0.507537688442211,0.961,0.7101288487534085,0.25087115124659143
0.5125628140703518,0.96,0.7061588925373992,0.2538411074626008
0.5175879396984925,0.96,0.7022111302547651,0.25778886974523485
0.5226130653266332,0.96,0.698285437830919,0.26171456216908096
0.5276381909547738,0.959,0.6943816918849096,0.26461830811509035
0.5326633165829145,0.959,0.6904997697255428,0.26850023027445713
0.5376884422110553,0.958,0.6866395493475268,0.27136045065247316
0.542713567839196,0.958,0.6828009094276374,0.2751990905723626
0.5477386934673367,0.957,0.6789837293209039,0.27801627067909607
0.5527638190954774,0.957,0.6751878890568187,0.28181211094318126
0.5577889447236181,0.956,0.6714132693355657,0.2845867306644343
0.5628140703517588,0.956,0.6676597515242715,0.2883402484757285
0.5678391959798995,0.956,0.6639272176532762,0.29207278234672374
0.5728643216080402,0.955,0.6602155504124264,0.29478444958757355
0.577889447236181,0.955,0.6565246331473881,0.2984753668526119
0.5829145728643216,0.948,0.6528543498559799,0.29514565014402006
0.5879396984924623,0.939,0.6492045851845274,0.28979541481547255
0.592964824120603,0.932,0.6455752244242381,0.28642477557576196
0.5979899497487438,0.928,0.6419661535075958,0.28603384649240426
0.6030150753768845,0.923,0.6383772590047758,0.2846227409952242
0.6080402010050251,0.919,0.6348084281200796,0.2841915718799204
0.6130653266331658,0.915,0.63125954868839,0.2837404513116101
0.6180904522613065,0.912,0.6277305091716461,0.28426949082835395
0.6231155778894473,0.908,0.6242211986553372,0.2837788013446628
0.628140703517588,0.906,0.6207315068450175,0.2852684931549825
0.6331658291457286,0.903,0.6172613240628394,0.2857386759371606
0.6381909547738693,0.899,0.6138105412441057,0.2851894587558943
0.6432160804020101,0.897,0.6103790499338432,0.28662095006615684
0.6482412060301508,0.894,0.606966742283393,0.28703325771660704
0.6532663316582915,0.891,0.6035735110470211,0.28742648895297895
0.6582914572864321,0.888,0.6001992495785482,0.2878007504214518
0.6633165829145728,0.88,0.5968438518279974,0.28315614817200263
0.6683417085427136,0.863,0.5935072123382612,0.2694927876617388
0.6733668341708543,0.853,0.5901892262417876,0.2628107737582124
0.678391959798995,0.842,0.5868897892572836,0.25511021074271634
0.6834170854271356,0.835,0.583608797686438,0.25139120231356193
0.6884422110552764,0.817,0.5803461484106619,0.23665385158933805
0.6934673366834171,0.795,0.5771017388878488,0.21789826111215127
0.6984924623115578,0.766,0.5738754671491503,0.19212453285084974
0.7035175879396985,0.724,0.5706672317957728,0.15333276820422714
0.7085427135678392,0.697,0.5674769319957895,0.12952306800421043
0.7135678391959799,0.672,0.5643044674809717,0.1076955325190283
0.7185929648241206,0.65,0.561149738543638,0.08885026145636199
0.7236180904522613,0.627,0.5580126460335196,0.06898735396648037
0.7286432160804021,0.608,0.554893091354645,0.053106908645354944
0.7336683417085427,0.587,0.5517909764622407,0.03520902353775923
0.7386934673366834,0.568,0.5487062038596495,0.019293796140350428
0.7437185929648241,0.548,0.5456386765952673,0.002361323404732718
0.7487437185929648,0.531,0.5425882982594948,-0.011588298259494811
0.7537688442211056,0.51,0.5395549729817083,-0.029554972981708283
0.7587939698492463,0.492,0.536538605427246,-0.04453860542724597
0.7638190954773869,0.473,0.5335391007944122,-0.06053910079441227
0.7688442211055276,0.452,0.5305563648114973,-0.07855636481149725
0.7738693467336684,0.432,0.5275903037338152,-0.09559030373381522
0.7788944723618091,0.412,0.524640824340757,-0.112640824340757
0.7839195979899498,0.39,0.5217078339328612,-0.13170783393286123
0.7889447236180904,0.368,0.5187912403289001,-0.15079124032890012
0.7939698492462312,0.344,0.5158909518629825,-0.17189095186298253
0.7989949748743719,0.317,0.5130068773816732,-0.19600687738167316
0.8040201005025126,0.288,0.5101389262411271,-0.22213892624112713
0.8090452261306533,0.239,0.5072870083042422,-0.26828700830424224
0.8140703517587939,0.2,0.504451033937825,-0.30445103393782497
0.8190954773869347,0.187,0.5016309140097734,-0.31463091400977344
0.8241206030150754,0.169,0.49882655988627683,-0.32982655988627685
0.8291457286432161,0.146,0.4960378834290292,-0.3500378834290292
0.8341708542713568,0.14,0.4932647969924592,-0.35326479699245916
0.8391959798994975,0.132,0.4905072134209759,-0.3585072134209759
0.8442211055276382,0.126,0.4877650460462293,-0.3617650460462293
0.8492462311557789,0.118,0.4850382086843864,-0.3670382086843864
0.8542713567839196,0.107,0.4823266156334228,-0.3753266156334228
0.8592964824120604,0.087,0.4796301816704286,-0.3926301816704286
0.864321608040201,0.085,0.4769488220489308,-0.3919488220489308
0.8693467336683417,0.083,0.4742824524962287,-0.39128245249622867
0.8743718592964824,0.081,0.47163098921074637,-0.39063098921074635
0.8793969849246231,0.079,0.468994348859398,-0.389994348859398
0.8844221105527639,0.078,0.4663724485749693,-0.3883724485749693
0.8894472361809045,0.076,0.46376520595351295,-0.38776520595351294
0.8944723618090452,0.074,0.4611725390517585,-0.38717253905175847
0.8994974874371859,0.072,0.4585943663845373,-0.3865943663845373
0.9045226130653267,0.07,0.4560306069222213,-0.3860306069222213
0.9095477386934674,0.068,0.4534811800881764,-0.3854811800881764
0.914572864321608,0.066,0.45094600575623006,-0.38494600575623006
0.9195979899497487,0.064,0.44842500424815285,-0.38442500424815285
0.9246231155778895,0.063,0.44591809633115437,-0.38291809633115437
0.9296482412060302,0.06,0.443425203215393,-0.38342520321539303
0.9346733668341709,0.057,0.4409462465514998,-0.3839462465514998
0.9396984924623115,0.055,0.4384811484281156,-0.3834811484281156
0.9447236180904522,0.053,0.4360298313694425,-0.3830298313694425
0.949748743718593,0.051,0.43359221833280936,-0.3825922183328094
0.9547738693467337,0.048,0.4311682327062498,-0.38316823270624983
0.9597989949748744,0.045,0.4287577983060945,-0.3837577983060945
0.964824120603015,0.042,0.42636083937457697,-0.384360839374577
0.9698492462311558,0.039,0.42397728057745265,-0.3849772805774527
0.9748743718592965,0.036,0.4216070470016306,-0.3856070470016306
0.9798994974874372,0.032,0.41925006415281996,-0.38725006415281993
0.9849246231155779,0.028,0.4169062579531879,-0.3889062579531879
0.9899497487437187,0.022,0.414575554739032,-0.392575554739032
0.9949748743718593,0.016,0.41225788125846463,-0.3962578812584646
1.0,0.0,0.4099531646691106,-0.4099531646691106
